path,tar_sha256,zip_sha256,equal
1t_god/2021/2021_1t_god.csv,d5e10096b917129f5171692e0b09a2efbc3d22c4125e9f815e70128d023d9e67,d5e10096b917129f5171692e0b09a2efbc3d22c4125e9f815e70128d023d9e67,True
1t_god/2022/2022_1t_god.csv,9ff3950fd9032822e64943dff47582af7d8882f139553fc482867ddfa97b1e75,9ff3950fd9032822e64943dff47582af7d8882f139553fc482867ddfa97b1e75,True
1t_god/2023/2023_1t_god.csv,6b5d75a5ad0799a477e23d581d1afcfc3003b08b033a28bdc3ed3688a9211d78,6b5d75a5ad0799a477e23d581d1afcfc3003b08b033a28bdc3ed3688a9211d78,True
1t_god/2024/sr_1t_god_12_2024.csv,e9e69bedcee0bb72b3fa7e30b0a80c6e407b4786ecef8686171a6a66d4ad4e8c,e9e69bedcee0bb72b3fa7e30b0a80c6e407b4786ecef8686171a6a66d4ad4e8c,True
1t_kv/2021/1kv/1kv2021.csv,c40d3be6c0de0c9f0398bb7f950ffdccf470c91f13766d45172e394691dd652c,c40d3be6c0de0c9f0398bb7f950ffdccf470c91f13766d45172e394691dd652c,True
1t_kv/2021/2kv/2kv2021.csv,f7876fd89462fb7ff906547b1a65c2aa4cac7e1ee132bbe5371a77df79c7a78f,f7876fd89462fb7ff906547b1a65c2aa4cac7e1ee132bbe5371a77df79c7a78f,True
1t_kv/2021/3kv/3kv2021.csv,bd83b16c76b00c29d7d06fdabdbd2dddfdecc42548f54df53ece8a0600397706,bd83b16c76b00c29d7d06fdabdbd2dddfdecc42548f54df53ece8a0600397706,True
1t_kv/2021/4kv/4kv2021.csv,6ebc987509bff8855d2b3224ecc0a2eda5280b462513ada05e52080d0da826f6,6ebc987509bff8855d2b3224ecc0a2eda5280b462513ada05e52080d0da826f6,True
1t_kv/2022/1kv/1kv2022.csv,e767569ca6ba1a3e0f72e8b365c8b3e190c478cec3667c21c34ee1e5d01b5300,e767569ca6ba1a3e0f72e8b365c8b3e190c478cec3667c21c34ee1e5d01b5300,True
1t_kv/2022/2kv/2kv2022.csv,e92a7227c01cb1c68436afad84fbac926a324e7c792f814d11376323a2da0587,e92a7227c01cb1c68436afad84fbac926a324e7c792f814d11376323a2da0587,True
1t_kv/2022/3kv/3kv2022.csv,8873abfffd8a7c1ae33a966f87aa7f34a7ff95b70f901a509679f90fe895168d,8873abfffd8a7c1ae33a966f87aa7f34a7ff95b70f901a509679f90fe895168d,True
1t_kv/2022/4kv/4kv2022.csv,b1c08bcf1fc56f1d65d725e19d6a9bd08204bb8f615ea82520538ddb1fd21d66,b1c08bcf1fc56f1d65d725e19d6a9bd08204bb8f615ea82520538ddb1fd21d66,True
1t_kv/2023/1kv/1kv2023.csv,6e201bbf1fd28d9095b194a35f8255fe5dfcd86b614e1378b51f33a1bf322bd5,6e201bbf1fd28d9095b194a35f8255fe5dfcd86b614e1378b51f33a1bf322bd5,True
1t_kv/2023/2kv/2kv2023.csv,168edb889db1981cc7c72ce22676c24b639d22dabd1902a519f3ad3b18eabf26,168edb889db1981cc7c72ce22676c24b639d22dabd1902a519f3ad3b18eabf26,True
1t_kv/2023/3kv/3kv2023.csv,4b64f27fdd989493ba1344dce0437aae15557f5d4e99b3d6ec4e77ea7a1ee4a8,4b64f27fdd989493ba1344dce0437aae15557f5d4e99b3d6ec4e77ea7a1ee4a8,True
1t_kv/2023/4kv/4kv2023.csv,1d28d15edc6131d908ee854e86c9160013ff963838189baf99aeaac9e05aab8c,1d28d15edc6131d908ee854e86c9160013ff963838189baf99aeaac9e05aab8c,True
1t_kv/2024/1kv/1t_kv_03_2024.csv,543a04898739e0069d51b51175ff8f04989765ae13334988137f6aa1f3a0c5bf,543a04898739e0069d51b51175ff8f04989765ae13334988137f6aa1f3a0c5bf,True
1t_kv/2024/2kv/1t_kv_06_2024.csv,66fdd5f9b50abc1da6143ec92bf70301fe7569d6c3e68bf96351624c4a785cef,66fdd5f9b50abc1da6143ec92bf70301fe7569d6c3e68bf96351624c4a785cef,True
1t_kv/2024/3kv/1t_kv_09_2024.csv,b5319f16027889f84511fb3386ba1332d43b602d279e8ab2edc7a67f850e92b2,b5319f16027889f84511fb3386ba1332d43b602d279e8ab2edc7a67f850e92b2,True
1t_kv/2024/4kv/1t_kv_12_2024.csv,15e5ca1806c80233ac8d96bbebc6faa05f16e1e48c1d412485c70b17a3fd4cdc,15e5ca1806c80233ac8d96bbebc6faa05f16e1e48c1d412485c70b17a3fd4cdc,True
2t/2021/2_t_oplata_truda_2021.csv,078927eb2facc3f84f937dd4ebef7928f7f537c574ff8b5a3f3f56f4a9ef5bec,078927eb2facc3f84f937dd4ebef7928f7f537c574ff8b5a3f3f56f4a9ef5bec,True
2t/2022/2_t_oplata_truda_2022.csv,dd7b3fb95d7aead94e805c462601c1a707eba5779f20de4b9c462d63e3fa99ae,dd7b3fb95d7aead94e805c462601c1a707eba5779f20de4b9c462d63e3fa99ae,True
2t/2023/2_t_oplata_truda_2023.csv,a2bfcbd2f5c7b342176d56f6897583dde0b3133df48e6a3a32792db89d08cd9a,a2bfcbd2f5c7b342176d56f6897583dde0b3133df48e6a3a32792db89d08cd9a,True
2t/2024/sr_2t_ot_god_04_2024_parol_2025.csv,4b873c6307744f385eb94478f7e0107dbaa26c3d2b817e2c49b59c12885a377e,4b873c6307744f385eb94478f7e0107dbaa26c3d2b817e2c49b59c12885a377e,True
d002/2021/ocenka.csv,36add272ed9e2bb8a252406f0e8038e6542b5a2950ea53b3efdfc67110381ae6,36add272ed9e2bb8a252406f0e8038e6542b5a2950ea53b3efdfc67110381ae6,True
d002/2021/subject.csv,271e3a681f7598010e07f5216de980f7bd5861cd860592b39ae60ae4d6380215,271e3a681f7598010e07f5216de980f7bd5861cd860592b39ae60ae4d6380215,True
d002/2022/ocenka.csv,e91d1c8a6652e15e39a5b7cd6748c3b40aee364f56d88dc3d3142f72eb6ecdb1,e91d1c8a6652e15e39a5b7cd6748c3b40aee364f56d88dc3d3142f72eb6ecdb1,True
d002/2022/subject.csv,4eba88e83950b829d0f12e3041dbd6b4861ef8800e6044e6774d821db4ea965a,4eba88e83950b829d0f12e3041dbd6b4861ef8800e6044e6774d821db4ea965a,True
d002/2023/ocenka.csv,783e5d3802b6c8a0239fda8c489d89737f4e9da719c4fcf086a619725f6ea860,783e5d3802b6c8a0239fda8c489d89737f4e9da719c4fcf086a619725f6ea860,True
d002/2023/subject.csv,27c03d523b1a77ca66cead5f48ed3ef8f0ae0ce81007c8cfa395cd793378ae8c,27c03d523b1a77ca66cead5f48ed3ef8f0ae0ce81007c8cfa395cd793378ae8c,True
d002/2024/ocenka.csv,d123e10627764d7c7f6e5835f1a04623ba28eb19c878dee0a6fcc8dcab940d64,d123e10627764d7c7f6e5835f1a04623ba28eb19c878dee0a6fcc8dcab940d64,True
d002/2024/subject.csv,644eba9fbaa964cc075c1af879ad320516a7e59d22490d67a752e141c71aa93a,644eba9fbaa964cc075c1af879ad320516a7e59d22490d67a752e141c71aa93a,True
d004/2021/1kv/kv_vopr0.csv,4a375790a95dd83998265ff60dfcde4c0c00bbef586621eeb363eb329e910b8d,4a375790a95dd83998265ff60dfcde4c0c00bbef586621eeb363eb329e910b8d,True
d004/2021/1kv/kv_vopr1.csv,76d0b09f2aac7d0104a2b1575e1a8b94b9a40367d31d7187ec4bf5ef51c74788,76d0b09f2aac7d0104a2b1575e1a8b94b9a40367d31d7187ec4bf5ef51c74788,True
d004/2021/1kv/kv_vopr10.csv,554704b47c6402383e64f9aff96f9b7a6fcdaa93a9e770a3a34df5865e140549,554704b47c6402383e64f9aff96f9b7a6fcdaa93a9e770a3a34df5865e140549,True
d004/2021/1kv/kv_vopr11.csv,d4900dc8ff74b7fc7c81ae4d2c52c0c6d3b43bc75d58fd849e0dc706b7fd2bcd,d4900dc8ff74b7fc7c81ae4d2c52c0c6d3b43bc75d58fd849e0dc706b7fd2bcd,True
d004/2021/1kv/kv_vopr12.csv,64596941278d2d14fbf1b0fc9e9b35b16d3909afe734e4a07623e81d3f8bfdc8,64596941278d2d14fbf1b0fc9e9b35b16d3909afe734e4a07623e81d3f8bfdc8,True
d004/2021/1kv/kv_vopr2.csv,4025c406a4dc43bc305c8563521c6823edc537fd4a7a318ab8b3c2a4ac327709,4025c406a4dc43bc305c8563521c6823edc537fd4a7a318ab8b3c2a4ac327709,True
d004/2021/1kv/kv_vopr3.csv,8117466903789204f7e5549fe48679283a83bd4c9410e4f410e5fd7dc1e2c9ab,8117466903789204f7e5549fe48679283a83bd4c9410e4f410e5fd7dc1e2c9ab,True
d004/2021/1kv/kv_vopr4.csv,34d65f7354e4595b1c44b66ca09673677315ded689a9da31be35fd0ee68b8c0c,34d65f7354e4595b1c44b66ca09673677315ded689a9da31be35fd0ee68b8c0c,True
d004/2021/1kv/kv_vopr5.csv,5eaba9db8e18de4db3cacaa22379e81126c1237da09e4e1e772254e0233081cc,5eaba9db8e18de4db3cacaa22379e81126c1237da09e4e1e772254e0233081cc,True
d004/2021/1kv/kv_vopr6.csv,d71b6f2c86129efd34426debbd7c7571ece7dea50fc475f7ffdadf5bf6575909,d71b6f2c86129efd34426debbd7c7571ece7dea50fc475f7ffdadf5bf6575909,True
d004/2021/1kv/kv_vopr7.csv,573c5a8269d4bd56c465109b8b2b92e780846a6e714b9e929728ec04d38ca62c,573c5a8269d4bd56c465109b8b2b92e780846a6e714b9e929728ec04d38ca62c,True
d004/2021/1kv/kv_vopr9.csv,f5da2ae03755d9e6fac0da72c7afd5066273bed96f9d4a89a6f442e3c875a0c8,f5da2ae03755d9e6fac0da72c7afd5066273bed96f9d4a89a6f442e3c875a0c8,True
d004/2021/2kv/kv_vopr0.csv,270eec282ea8ad99b669e0af3bfeab7c1d77c5c86cf175e5daadcf3e78070b33,270eec282ea8ad99b669e0af3bfeab7c1d77c5c86cf175e5daadcf3e78070b33,True
d004/2021/2kv/kv_vopr1.csv,33aaa16c50f44f82cc6241316d8578fc27f7383f22df47cfc90b99fa6ae679c3,33aaa16c50f44f82cc6241316d8578fc27f7383f22df47cfc90b99fa6ae679c3,True
d004/2021/2kv/kv_vopr10.csv,195ccfd51e48aaa6796536d542576cb49524c7bd7ecceb12653b9d689cf8534c,195ccfd51e48aaa6796536d542576cb49524c7bd7ecceb12653b9d689cf8534c,True
d004/2021/2kv/kv_vopr11.csv,1c0e73f2d9883f6a97f9730c4858c4406f320b691fffe796f9c9e19421864828,1c0e73f2d9883f6a97f9730c4858c4406f320b691fffe796f9c9e19421864828,True
d004/2021/2kv/kv_vopr12.csv,92bcb3452937618847a6ebc2984bf6fd2ff016becdc89400a92ef37136ecba38,92bcb3452937618847a6ebc2984bf6fd2ff016becdc89400a92ef37136ecba38,True
d004/2021/2kv/kv_vopr2.csv,3b3fa8ccc3f87824a2aca4d81047d97bfed2ab873cdc6fc54097c2946a2d9140,3b3fa8ccc3f87824a2aca4d81047d97bfed2ab873cdc6fc54097c2946a2d9140,True
d004/2021/2kv/kv_vopr3.csv,e5b6fe06e311ee56d639017c38358a75b27a3ca4c815bcb1f941928451b090a1,e5b6fe06e311ee56d639017c38358a75b27a3ca4c815bcb1f941928451b090a1,True
d004/2021/2kv/kv_vopr4.csv,cb38a2251113dbec835cedd3f570b01cf3940582d6a67f97fd14e81184be3554,cb38a2251113dbec835cedd3f570b01cf3940582d6a67f97fd14e81184be3554,True
d004/2021/2kv/kv_vopr5.csv,a539d72bf222680d93ee95e9c9e05921a277c32d7b739279a757e1f499322d67,a539d72bf222680d93ee95e9c9e05921a277c32d7b739279a757e1f499322d67,True
d004/2021/2kv/kv_vopr6.csv,b8447364d6a3c0c9c2a84afa3067532afe6a45b71584f1ed80e4a3a975af2671,b8447364d6a3c0c9c2a84afa3067532afe6a45b71584f1ed80e4a3a975af2671,True
d004/2021/2kv/kv_vopr7.csv,4e2501de07aaae8f0ecf12e7c69885e2fc1248f094ea08dd11d708e8ff7cd322,4e2501de07aaae8f0ecf12e7c69885e2fc1248f094ea08dd11d708e8ff7cd322,True
d004/2021/2kv/kv_vopr9.csv,8e5d34be10eda0807f4ab9bf299a860909e2520cacef641e2d417030c1426d45,8e5d34be10eda0807f4ab9bf299a860909e2520cacef641e2d417030c1426d45,True
d004/2021/3kv/kv_vopr0.csv,c4c519c02cd3e04fc98fd7ef5b88b3326c183427195707fbbf7f3ab62e3dfaa0,c4c519c02cd3e04fc98fd7ef5b88b3326c183427195707fbbf7f3ab62e3dfaa0,True
d004/2021/3kv/kv_vopr1.csv,7ecf14cf8fdd656948b733b3b4b7c542cefd72bf542090b909f74c0304bc7b52,7ecf14cf8fdd656948b733b3b4b7c542cefd72bf542090b909f74c0304bc7b52,True
d004/2021/3kv/kv_vopr10.csv,6ed003c229254bd78005cdc7bfae2cf164f8eea2ef12551b324ef07ece7323be,6ed003c229254bd78005cdc7bfae2cf164f8eea2ef12551b324ef07ece7323be,True
d004/2021/3kv/kv_vopr11.csv,b281f4f0050c76781968cdcad964b4e30d706c0fcea11e9c36ca237f0e75c6ed,b281f4f0050c76781968cdcad964b4e30d706c0fcea11e9c36ca237f0e75c6ed,True
d004/2021/3kv/kv_vopr12.csv,d2237d67598e92f3575bf3d3ded6f30e53a1293f4a2516bcc6e3ddbc2cdf2d35,d2237d67598e92f3575bf3d3ded6f30e53a1293f4a2516bcc6e3ddbc2cdf2d35,True
d004/2021/3kv/kv_vopr2.csv,1eb911419d57022ea148d41517ba2dc1aea44531d28b3407c6eaa73adb7d9b2b,1eb911419d57022ea148d41517ba2dc1aea44531d28b3407c6eaa73adb7d9b2b,True
d004/2021/3kv/kv_vopr3.csv,1727b1bdb9f10d25709d60387694b5fe11c969882680fa5c9bacce5d2d1c7da5,1727b1bdb9f10d25709d60387694b5fe11c969882680fa5c9bacce5d2d1c7da5,True
d004/2021/3kv/kv_vopr4.csv,bad69ebf749a707d912ff6e933a0583d8a853bd032d3e380e394c0c868bc9ca6,bad69ebf749a707d912ff6e933a0583d8a853bd032d3e380e394c0c868bc9ca6,True
d004/2021/3kv/kv_vopr5.csv,39f05964c016307c1d195ff21b5074f2ff6dc0ae6d7613f27ad870f7d9365ccc,39f05964c016307c1d195ff21b5074f2ff6dc0ae6d7613f27ad870f7d9365ccc,True
d004/2021/3kv/kv_vopr6.csv,54cfa05a93501dd92d877028fb49f376ff65b3b062a4e35110ea244e87b33a78,54cfa05a93501dd92d877028fb49f376ff65b3b062a4e35110ea244e87b33a78,True
d004/2021/3kv/kv_vopr7.csv,819ac6b64874fd77f516f2833a5012f4f24a0e4e83d56fa910a653641910f44f,819ac6b64874fd77f516f2833a5012f4f24a0e4e83d56fa910a653641910f44f,True
d004/2021/3kv/kv_vopr9.csv,7d937a18f4702615982651eba34d62ed0bbaa6f962910e78d75696a6387e8e79,7d937a18f4702615982651eba34d62ed0bbaa6f962910e78d75696a6387e8e79,True
d004/2021/4kv/kv_vopr0.csv,2a0b9e7a57fb722015ac2c467cfc6d97a9b17bb3b91aa8627fe91848a1bc35d9,2a0b9e7a57fb722015ac2c467cfc6d97a9b17bb3b91aa8627fe91848a1bc35d9,True
d004/2021/4kv/kv_vopr1.csv,4e4780b62db692773513346a8ec5089e145edda7488cb94abd49b3a929d34f7e,4e4780b62db692773513346a8ec5089e145edda7488cb94abd49b3a929d34f7e,True
d004/2021/4kv/kv_vopr10.csv,3952aec7837761f7205cedff8ddf37b5a7192cab3d6b563f73a5d9c62be7ea4b,3952aec7837761f7205cedff8ddf37b5a7192cab3d6b563f73a5d9c62be7ea4b,True
d004/2021/4kv/kv_vopr11.csv,fcabaa1bdff3249bbc950ccaca2cebe64140c0c782abc9be8991feebee3df056,fcabaa1bdff3249bbc950ccaca2cebe64140c0c782abc9be8991feebee3df056,True
d004/2021/4kv/kv_vopr12.csv,3e65ed2b0d26a7348d55b1290c7ece39db2f169971256547cee17d4132809319,3e65ed2b0d26a7348d55b1290c7ece39db2f169971256547cee17d4132809319,True
d004/2021/4kv/kv_vopr2.csv,008c38136a83b07029d7e86001890ae93b84ab2446dcd26378f461c38a094ea4,008c38136a83b07029d7e86001890ae93b84ab2446dcd26378f461c38a094ea4,True
d004/2021/4kv/kv_vopr3.csv,07d210e0434df7b872c5885065e7a379845fe94e0c6fdcb4d3b29d06c29bd372,07d210e0434df7b872c5885065e7a379845fe94e0c6fdcb4d3b29d06c29bd372,True
d004/2021/4kv/kv_vopr4.csv,abc50f84db859f07fde54784781da49b6a9b5820d68f95bc2e37a47c3d8bc233,abc50f84db859f07fde54784781da49b6a9b5820d68f95bc2e37a47c3d8bc233,True
d004/2021/4kv/kv_vopr5.csv,6f72add8324a2dd60acac5a2a4b802d2ab5bd25b8262b71f924ea66a502ce64f,6f72add8324a2dd60acac5a2a4b802d2ab5bd25b8262b71f924ea66a502ce64f,True
d004/2021/4kv/kv_vopr6.csv,6866615dc036208d758a891d31c5777d3b6de606d99a413e8f04e0cc55b225b5,6866615dc036208d758a891d31c5777d3b6de606d99a413e8f04e0cc55b225b5,True
d004/2021/4kv/kv_vopr7.csv,a222ba2a183cdfda7ae88d0fc3a5d1dcf794733c4ef7c8b0e7e96c3f78fb1af2,a222ba2a183cdfda7ae88d0fc3a5d1dcf794733c4ef7c8b0e7e96c3f78fb1af2,True
d004/2021/4kv/kv_vopr9.csv,ff8840e642314b55859ac794825b77458d9fb0656559e950a4cd81d0f1768eab,ff8840e642314b55859ac794825b77458d9fb0656559e950a4cd81d0f1768eab,True
d004/2022/1kv/kv_vopr0.csv,d1fd17265151f700e52a37e4f1bf02323f4bc09b1b4e242709cfd0097e4c5bae,d1fd17265151f700e52a37e4f1bf02323f4bc09b1b4e242709cfd0097e4c5bae,True
d004/2022/1kv/kv_vopr1.csv,26ce74b123e57e24826362a558e2c54f542c2b4c61dbcdad296ad19245ed0225,26ce74b123e57e24826362a558e2c54f542c2b4c61dbcdad296ad19245ed0225,True
d004/2022/1kv/kv_vopr10.csv,bf315a13dda7bca41f20195b1f26f3c49dad56ae8a13ebf65f5eacb563f688ab,bf315a13dda7bca41f20195b1f26f3c49dad56ae8a13ebf65f5eacb563f688ab,True
d004/2022/1kv/kv_vopr11.csv,fb59fd0bfa7d00cc834b532d0b4135d3c5872371821016da45c50c786c956098,fb59fd0bfa7d00cc834b532d0b4135d3c5872371821016da45c50c786c956098,True
d004/2022/1kv/kv_vopr12.csv,53113576d7fef8fc2a20cbfef47320c6c91c243c65c40845d4c602ca1c3f8e24,53113576d7fef8fc2a20cbfef47320c6c91c243c65c40845d4c602ca1c3f8e24,True
d004/2022/1kv/kv_vopr2.csv,1a0272b3ac1c394b77bdab141eeeeb7dda2b19e37aa10598226cfaba81a7505f,1a0272b3ac1c394b77bdab141eeeeb7dda2b19e37aa10598226cfaba81a7505f,True
d004/2022/1kv/kv_vopr3.csv,abd958db59f1a38e99d448d3993ba42f3edf5a8bd56337ba8e7aa134151717df,abd958db59f1a38e99d448d3993ba42f3edf5a8bd56337ba8e7aa134151717df,True
d004/2022/1kv/kv_vopr4.csv,dc5cdeac9d52e9685ac3238edc5692638f219c5e7c479a72a88a4040ef70c9c7,dc5cdeac9d52e9685ac3238edc5692638f219c5e7c479a72a88a4040ef70c9c7,True
d004/2022/1kv/kv_vopr5.csv,3621f8614ab9eedd6c59d1c3176230ed68a22af8138212ddd6211a39cc64040f,3621f8614ab9eedd6c59d1c3176230ed68a22af8138212ddd6211a39cc64040f,True
d004/2022/1kv/kv_vopr6.csv,6bc8df69f98c98f6c43b34141fc75cf48b0193d1e1458d7fecc1801b89386b6d,6bc8df69f98c98f6c43b34141fc75cf48b0193d1e1458d7fecc1801b89386b6d,True
d004/2022/1kv/kv_vopr7.csv,f0b01755931e8866886a3336e9a54d23470d585b4096e452f418cbab7a05f5c6,f0b01755931e8866886a3336e9a54d23470d585b4096e452f418cbab7a05f5c6,True
d004/2022/1kv/kv_vopr9.csv,b5918fffbb51734d3a8bfa0a2e1b380c1116a275bc06448fc21a7bd69bb44bc1,b5918fffbb51734d3a8bfa0a2e1b380c1116a275bc06448fc21a7bd69bb44bc1,True
d004/2022/2kv/kv_vopr0.csv,c98409dfdd8ed3d1b1eae244afbe66f257ef9e91a0829968422c0b90f31fca96,c98409dfdd8ed3d1b1eae244afbe66f257ef9e91a0829968422c0b90f31fca96,True
d004/2022/2kv/kv_vopr1.csv,67e72e60917aae9a068e6d9b67dfdb3adf976a6a7bf019639783600925754bd5,67e72e60917aae9a068e6d9b67dfdb3adf976a6a7bf019639783600925754bd5,True
d004/2022/2kv/kv_vopr10.csv,83258c75a6aa31cd693963891c496c58dc4758174ce713f5261b1baf3eb426af,83258c75a6aa31cd693963891c496c58dc4758174ce713f5261b1baf3eb426af,True
d004/2022/2kv/kv_vopr11.csv,2c8c7cd5a6a66213e41b6bcc2b079fca16206dede96481d8e199207c319ae91b,2c8c7cd5a6a66213e41b6bcc2b079fca16206dede96481d8e199207c319ae91b,True
d004/2022/2kv/kv_vopr12.csv,2e6454df27d63dddc898868644cd39136d85a5e7ee6dbd440ba345561843a0d8,2e6454df27d63dddc898868644cd39136d85a5e7ee6dbd440ba345561843a0d8,True
d004/2022/2kv/kv_vopr2.csv,a234eb2daff25326034eeaf50a09496ef5d49711b9d3a41ae6a097ec3eb67839,a234eb2daff25326034eeaf50a09496ef5d49711b9d3a41ae6a097ec3eb67839,True
d004/2022/2kv/kv_vopr3.csv,09edc9b62e38db7ff9f4bdc5ab945e13d28bbebd0928684f2d64bcfc62cc1e2d,09edc9b62e38db7ff9f4bdc5ab945e13d28bbebd0928684f2d64bcfc62cc1e2d,True
d004/2022/2kv/kv_vopr4.csv,f58df9edf64ea27ab2b0916981c8b96d8e13da846b60aec4efb6505cdf44470f,f58df9edf64ea27ab2b0916981c8b96d8e13da846b60aec4efb6505cdf44470f,True
d004/2022/2kv/kv_vopr5.csv,37f5e2948d83fb706c5eeb851283fa5a0af51dae514a45a875bad7488f1e5781,37f5e2948d83fb706c5eeb851283fa5a0af51dae514a45a875bad7488f1e5781,True
d004/2022/2kv/kv_vopr6.csv,2e0d5a9db8532db79e291590c7f7076b885e9472e8f8bbe24de9ed7b62c78fe4,2e0d5a9db8532db79e291590c7f7076b885e9472e8f8bbe24de9ed7b62c78fe4,True
d004/2022/2kv/kv_vopr7.csv,88040e6b564301ac7b10db70a8455419525456d295e43262545291112f62bc4a,88040e6b564301ac7b10db70a8455419525456d295e43262545291112f62bc4a,True
d004/2022/2kv/kv_vopr9.csv,9a563d5d6082244ab33680e0d44f84e205873e6d98133501985f008004065bb9,9a563d5d6082244ab33680e0d44f84e205873e6d98133501985f008004065bb9,True
d004/2022/3kv/kv_vopr0.csv,ae9d3c49983c0279d82e4e1f40b7bf37b43ccd0e558d7a51fcac7b1ec50fe417,ae9d3c49983c0279d82e4e1f40b7bf37b43ccd0e558d7a51fcac7b1ec50fe417,True
d004/2022/3kv/kv_vopr1.csv,08ca6b32c550a7cce3340daeac647c464859693ad96742033b0d4e42f61b1ef6,08ca6b32c550a7cce3340daeac647c464859693ad96742033b0d4e42f61b1ef6,True
d004/2022/3kv/kv_vopr10.csv,c7452cb6245db0f8a9beb9daebe66155c78f8e424423d09e7489005482aa6dfd,c7452cb6245db0f8a9beb9daebe66155c78f8e424423d09e7489005482aa6dfd,True
d004/2022/3kv/kv_vopr11.csv,e8f40a5272cbf684b1336d3624c8c3d8a0985678e7d6f13832f2348b050929e8,e8f40a5272cbf684b1336d3624c8c3d8a0985678e7d6f13832f2348b050929e8,True
d004/2022/3kv/kv_vopr12.csv,c2b6ecc6755c667ba058dac2e93ca9cc05b89d343bd4d4d7aaa5c9e162eef824,c2b6ecc6755c667ba058dac2e93ca9cc05b89d343bd4d4d7aaa5c9e162eef824,True
d004/2022/3kv/kv_vopr2.csv,bfdcd47cd06a412a0b781322e574ef7c6db1d7b76c8b30c6b16abc3fec3e9860,bfdcd47cd06a412a0b781322e574ef7c6db1d7b76c8b30c6b16abc3fec3e9860,True
d004/2022/3kv/kv_vopr3.csv,99e1e832d17abd40b546f4cbf35cf7451f8e27eb8b25ba2a47d5eaffe53772b8,99e1e832d17abd40b546f4cbf35cf7451f8e27eb8b25ba2a47d5eaffe53772b8,True
d004/2022/3kv/kv_vopr4.csv,deadbfd506190a0e01e4851ff0c07c664b9c6833cee821e0b441e4131bc261a5,deadbfd506190a0e01e4851ff0c07c664b9c6833cee821e0b441e4131bc261a5,True
d004/2022/3kv/kv_vopr5.csv,5df4f59a7425bfd83ceee97857365cff9f64ae98c41d8c3ccb71ec8955c6488e,5df4f59a7425bfd83ceee97857365cff9f64ae98c41d8c3ccb71ec8955c6488e,True
d004/2022/3kv/kv_vopr6.csv,75f15dc73ccdf7d7dfeddd1eea172fec1e1e4c6ab241cf1fcb26634c31e90603,75f15dc73ccdf7d7dfeddd1eea172fec1e1e4c6ab241cf1fcb26634c31e90603,True
d004/2022/3kv/kv_vopr7.csv,fc246791da63ffe7c5c8beedcddfcb9852a31d9a72ca91187b60015a60d1f473,fc246791da63ffe7c5c8beedcddfcb9852a31d9a72ca91187b60015a60d1f473,True
d004/2022/3kv/kv_vopr9.csv,ec164fe723abf8f5e12fec859d8d017e341841893a9c3ec1e293bbea79ed3bf3,ec164fe723abf8f5e12fec859d8d017e341841893a9c3ec1e293bbea79ed3bf3,True
d004/2022/4kv/kv_vopr0.csv,db73ae77bf1ea69fa9d5873c5873abb887390a4756cdd2d397f6406390f2a5a4,db73ae77bf1ea69fa9d5873c5873abb887390a4756cdd2d397f6406390f2a5a4,True
d004/2022/4kv/kv_vopr1.csv,f95f07e5e1dc299b9a671ad2324a95014b37922df983fe3268bbc7bba63e4248,f95f07e5e1dc299b9a671ad2324a95014b37922df983fe3268bbc7bba63e4248,True
d004/2022/4kv/kv_vopr10.csv,4d44137665cebb733667d8a447bcf366e3af7a5b39858f5519fadabddc0afcc7,4d44137665cebb733667d8a447bcf366e3af7a5b39858f5519fadabddc0afcc7,True
d004/2022/4kv/kv_vopr11.csv,8ec75346df70295ff0b956abf532498f3db78ee26a1f459355ab4ac8a44f2bcc,8ec75346df70295ff0b956abf532498f3db78ee26a1f459355ab4ac8a44f2bcc,True
d004/2022/4kv/kv_vopr12.csv,e4d9de49e40d3721fecc3520cb4762eb40fa050a73bec32351c8b8454bc5ea66,e4d9de49e40d3721fecc3520cb4762eb40fa050a73bec32351c8b8454bc5ea66,True
d004/2022/4kv/kv_vopr2.csv,8e808cf278ceb9d1081aa16cea0416ad96bcc4b971450f5870606341d424b5af,8e808cf278ceb9d1081aa16cea0416ad96bcc4b971450f5870606341d424b5af,True
d004/2022/4kv/kv_vopr3.csv,9dcbe6501a8bec6015531617a302edbded0e1319370232aef363eb36e6b7a61a,9dcbe6501a8bec6015531617a302edbded0e1319370232aef363eb36e6b7a61a,True
d004/2022/4kv/kv_vopr4.csv,390412b359ba8b1dbeef7e457e477d89a222ead35ab6fa91c3ce3de5f5e27650,390412b359ba8b1dbeef7e457e477d89a222ead35ab6fa91c3ce3de5f5e27650,True
d004/2022/4kv/kv_vopr5.csv,0e6b686b3934017b6069501efbda041a2a96afb8effa1dd1409a0b73a3c14084,0e6b686b3934017b6069501efbda041a2a96afb8effa1dd1409a0b73a3c14084,True
d004/2022/4kv/kv_vopr6.csv,53c2f0ec5924c9215c5bd06e236cd31a0b63df189d98efc759420956e26eef35,53c2f0ec5924c9215c5bd06e236cd31a0b63df189d98efc759420956e26eef35,True
d004/2022/4kv/kv_vopr7.csv,cbeb86f15c93ef7fd7c0b73386f78e75abc0f149fa26272e056cee8610770298,cbeb86f15c93ef7fd7c0b73386f78e75abc0f149fa26272e056cee8610770298,True
d004/2022/4kv/kv_vopr9.csv,388d2383f6a08b247500ade7c619a5ed4360ec8d011315b8f2bcc64045b518fd,388d2383f6a08b247500ade7c619a5ed4360ec8d011315b8f2bcc64045b518fd,True
d004/2023/1kv/kv_vopr0.csv,c097e4965046be2bf5f2e833881c13b1b55cdd1094967f9773d0c3c03eebed7c,c097e4965046be2bf5f2e833881c13b1b55cdd1094967f9773d0c3c03eebed7c,True
d004/2023/1kv/kv_vopr1.csv,83c3ed7719764880bc6f75a73f84b853c8d68a8a3ca376acf98814342b5e5877,83c3ed7719764880bc6f75a73f84b853c8d68a8a3ca376acf98814342b5e5877,True
d004/2023/1kv/kv_vopr10.csv,a0b89eafc473b3ec1745431747b8136c5f9396553cbb1ccc7db0b018f50335df,a0b89eafc473b3ec1745431747b8136c5f9396553cbb1ccc7db0b018f50335df,True
d004/2023/1kv/kv_vopr11.csv,d0e53747bcd09e8de9802ab3cd3e69dfac5ce036fc8fd8314d6d6279526b24a9,d0e53747bcd09e8de9802ab3cd3e69dfac5ce036fc8fd8314d6d6279526b24a9,True
d004/2023/1kv/kv_vopr12.csv,de26df082064ef6f94e0bec651defe018fc53be065b41ac26656f8d17a7fbc1c,de26df082064ef6f94e0bec651defe018fc53be065b41ac26656f8d17a7fbc1c,True
d004/2023/1kv/kv_vopr2.csv,739d6735111e9c8267711fe74e3f5bad7e5bf83c246e1be252f85d7260dd0af2,739d6735111e9c8267711fe74e3f5bad7e5bf83c246e1be252f85d7260dd0af2,True
d004/2023/1kv/kv_vopr3.csv,fdbedbb426a14668f3b4126c34b9ab6159cc532f7d8b84cfa90cc6e18ca3e0e5,fdbedbb426a14668f3b4126c34b9ab6159cc532f7d8b84cfa90cc6e18ca3e0e5,True
d004/2023/1kv/kv_vopr4.csv,9ccd426205322ea38bbd6eb42adbd1aceb0bb3d0e988cfba92a89d079e3e73ac,9ccd426205322ea38bbd6eb42adbd1aceb0bb3d0e988cfba92a89d079e3e73ac,True
d004/2023/1kv/kv_vopr5.csv,717f6fd4c54b6e97f9c59396dd85ba19c59763962060591b77eef3f889534100,717f6fd4c54b6e97f9c59396dd85ba19c59763962060591b77eef3f889534100,True
d004/2023/1kv/kv_vopr6.csv,c17159a2873e4b8086150a81ffbbd3c0f8316286821bebc1c10107127ef589c7,c17159a2873e4b8086150a81ffbbd3c0f8316286821bebc1c10107127ef589c7,True
d004/2023/1kv/kv_vopr7.csv,e7e9415f99744ccd73866f2561bbfa45f87affb65fa1896b7b3a9ab986fc6984,e7e9415f99744ccd73866f2561bbfa45f87affb65fa1896b7b3a9ab986fc6984,True
d004/2023/1kv/kv_vopr9.csv,2b2198fd3b859fa4155b147873df256b7a200413134a7dff7c596de2750a8693,2b2198fd3b859fa4155b147873df256b7a200413134a7dff7c596de2750a8693,True
d004/2023/2kv/kv_vopr0.csv,845ebb9376a35f7d23cf8e662447e1863920e20d90335336ae298b35747c98a6,845ebb9376a35f7d23cf8e662447e1863920e20d90335336ae298b35747c98a6,True
d004/2023/2kv/kv_vopr1.csv,2eaedb42687b297fb8db077d3465aea7b36d14021793f962165c2efab809f707,2eaedb42687b297fb8db077d3465aea7b36d14021793f962165c2efab809f707,True
d004/2023/2kv/kv_vopr10.csv,6f3b32d2784997ba5bbab01cbf1deaa9af56962f1817238371483f56f42940d6,6f3b32d2784997ba5bbab01cbf1deaa9af56962f1817238371483f56f42940d6,True
d004/2023/2kv/kv_vopr11.csv,d5bdd5224ae8c9a9bc863e3e575904b00f37807f2b488d202478fe300837a5a8,d5bdd5224ae8c9a9bc863e3e575904b00f37807f2b488d202478fe300837a5a8,True
d004/2023/2kv/kv_vopr12.csv,23e858162b3731c66a252b85fc916562eac4f5423bc1e691a57b29245c4f9e20,23e858162b3731c66a252b85fc916562eac4f5423bc1e691a57b29245c4f9e20,True
d004/2023/2kv/kv_vopr2.csv,0eca4765caba68fc81b641047ad55cc5fa9d99a36fe7f0492a33f44038a44322,0eca4765caba68fc81b641047ad55cc5fa9d99a36fe7f0492a33f44038a44322,True
d004/2023/2kv/kv_vopr3.csv,0d881e48eeb9d0cbec7d912e423748e8b626a51239f34ce8b401eabe7db64a8f,0d881e48eeb9d0cbec7d912e423748e8b626a51239f34ce8b401eabe7db64a8f,True
d004/2023/2kv/kv_vopr4.csv,2feb354951d84e8bf93e62354df988747cddc006444aab5633280b776b965185,2feb354951d84e8bf93e62354df988747cddc006444aab5633280b776b965185,True
d004/2023/2kv/kv_vopr5.csv,d92e26441d6b95bd4dfd759bcf363600f546ab7e8a67e20a5642901b7ba621c9,d92e26441d6b95bd4dfd759bcf363600f546ab7e8a67e20a5642901b7ba621c9,True
d004/2023/2kv/kv_vopr6.csv,d1063b0feec369f0e6e9eab7a19ab06ca587bfef0234e6a85e3613a125ceab67,d1063b0feec369f0e6e9eab7a19ab06ca587bfef0234e6a85e3613a125ceab67,True
d004/2023/2kv/kv_vopr7.csv,08ab0587b94e8c8ca8bce9b9749c175faa58b038f29432ddcab3e77b55ec2e41,08ab0587b94e8c8ca8bce9b9749c175faa58b038f29432ddcab3e77b55ec2e41,True
d004/2023/2kv/kv_vopr9.csv,3a6e6b71686a3ba03946e414cd83bd3bedd35cdacc695fe95c31e3ecce872834,3a6e6b71686a3ba03946e414cd83bd3bedd35cdacc695fe95c31e3ecce872834,True
d004/2023/3kv/kv_vopr0.csv,484e98a08907576f5d85bf43afc198a8ea08546d859c8d8ccd872c8e306fdbb1,484e98a08907576f5d85bf43afc198a8ea08546d859c8d8ccd872c8e306fdbb1,True
d004/2023/3kv/kv_vopr1.csv,38dae0c0c17fe39d846585cafb12613ae8c4449e216ac52261c6f9bea4cc7e0a,38dae0c0c17fe39d846585cafb12613ae8c4449e216ac52261c6f9bea4cc7e0a,True
d004/2023/3kv/kv_vopr10.csv,28d461e9c01642407dd43644df5d0edc9571357fdf65394a485863c848877568,28d461e9c01642407dd43644df5d0edc9571357fdf65394a485863c848877568,True
d004/2023/3kv/kv_vopr11.csv,e742d50996608b04519565c7d9fc363bf770c484f69f4ceb0a7f5dad391cdfac,e742d50996608b04519565c7d9fc363bf770c484f69f4ceb0a7f5dad391cdfac,True
d004/2023/3kv/kv_vopr12.csv,2c58313cf1aa3790f8ca826a974dcee1b03cc9ff8ef0db786fb768a3363b721f,2c58313cf1aa3790f8ca826a974dcee1b03cc9ff8ef0db786fb768a3363b721f,True
d004/2023/3kv/kv_vopr2.csv,c1b0785fad59fc441e0338f0718bd5bc746a454141b65ce1372a49a2ae4019d1,c1b0785fad59fc441e0338f0718bd5bc746a454141b65ce1372a49a2ae4019d1,True
d004/2023/3kv/kv_vopr3.csv,488f3d864bf89ea5c83419cd15b9232fd23daec89e40eeae7e323099de5e1667,488f3d864bf89ea5c83419cd15b9232fd23daec89e40eeae7e323099de5e1667,True
d004/2023/3kv/kv_vopr4.csv,1436ff0f54c880041771e8f6bbdcb3d4f926414403eb7d1787fb58cb1bd65eef,1436ff0f54c880041771e8f6bbdcb3d4f926414403eb7d1787fb58cb1bd65eef,True
d004/2023/3kv/kv_vopr5.csv,22069b5cbfd0183e42a5338f62022c67f09c86fc437ad4de1259c9d7bd2a5b78,22069b5cbfd0183e42a5338f62022c67f09c86fc437ad4de1259c9d7bd2a5b78,True
d004/2023/3kv/kv_vopr6.csv,20b8fa28bda1bde5d1992ef274c93da0434bf1374e5d1a03c6e2129a6aa02145,20b8fa28bda1bde5d1992ef274c93da0434bf1374e5d1a03c6e2129a6aa02145,True
d004/2023/3kv/kv_vopr7.csv,9878521b95a9fe9581d121b648f1529f08e2dae3b9d53d565aa95d83d631ff76,9878521b95a9fe9581d121b648f1529f08e2dae3b9d53d565aa95d83d631ff76,True
d004/2023/3kv/kv_vopr9.csv,d5ca28942b0e10e56d61381bffe31bec99f7887e2d10d841d655c23818a7b05b,d5ca28942b0e10e56d61381bffe31bec99f7887e2d10d841d655c23818a7b05b,True
d004/2023/4kv/kv_vopr0.csv,4acc20ddbb98ff92d22f699c0d513ce28ae1224a18e5d34aa0d191dc94d4fecd,4acc20ddbb98ff92d22f699c0d513ce28ae1224a18e5d34aa0d191dc94d4fecd,True
d004/2023/4kv/kv_vopr1.csv,c70a5efcea3a4a3a24c9cb1de7ca3f3b4ac8d3c272e4c920abb787c761f51bb9,c70a5efcea3a4a3a24c9cb1de7ca3f3b4ac8d3c272e4c920abb787c761f51bb9,True
d004/2023/4kv/kv_vopr10.csv,45462bddd7ab73b7965f2bb4113e512c4326a59078fa5253a6fc8cabc3ad641f,45462bddd7ab73b7965f2bb4113e512c4326a59078fa5253a6fc8cabc3ad641f,True
d004/2023/4kv/kv_vopr11.csv,80cfbab8d64f5e6916a92c5763a6beb837fbffeeb6f7726fd0964ae73b482d95,80cfbab8d64f5e6916a92c5763a6beb837fbffeeb6f7726fd0964ae73b482d95,True
d004/2023/4kv/kv_vopr12.csv,1174718d3731ba12f77b5ca1badfcdf4176c19a3658cf27e597f0e3d98806804,1174718d3731ba12f77b5ca1badfcdf4176c19a3658cf27e597f0e3d98806804,True
d004/2023/4kv/kv_vopr2.csv,4b0130485449e0ffb90719f7db3fa38005cdae8a4efea7916e1388353329dfac,4b0130485449e0ffb90719f7db3fa38005cdae8a4efea7916e1388353329dfac,True
d004/2023/4kv/kv_vopr3.csv,147bc6cbb1cfc153c9c4320d2fd62ad7b371e8dddd3d22f4b42fbadebc4049b8,147bc6cbb1cfc153c9c4320d2fd62ad7b371e8dddd3d22f4b42fbadebc4049b8,True
d004/2023/4kv/kv_vopr4.csv,c82fe5d525be4c5889e07a66e0ec369335f5f7c68f552fa8c36fc03574139421,c82fe5d525be4c5889e07a66e0ec369335f5f7c68f552fa8c36fc03574139421,True
d004/2023/4kv/kv_vopr5.csv,8b75775267623e431bb1c6a4bcb36bde1f06434dd1a080285d614fa1f2d4a6dd,8b75775267623e431bb1c6a4bcb36bde1f06434dd1a080285d614fa1f2d4a6dd,True
d004/2023/4kv/kv_vopr6.csv,f6fb942c21146655e4ffffd35451226a99f6e627feccd41ef1bd6a239b418e9a,f6fb942c21146655e4ffffd35451226a99f6e627feccd41ef1bd6a239b418e9a,True
d004/2023/4kv/kv_vopr7.csv,29d53ac97c4ea1f6df0b1bef52b2b97edb99baa9beed6852ee349876de168907,29d53ac97c4ea1f6df0b1bef52b2b97edb99baa9beed6852ee349876de168907,True
d004/2023/4kv/kv_vopr9.csv,2d6a130fc7a6187c84f76ec1905e55c99955ea8b70ed388e017cb38145c6cbcd,2d6a130fc7a6187c84f76ec1905e55c99955ea8b70ed388e017cb38145c6cbcd,True
d004/2024/1kv/kv_vopr0.csv,d2e907e3a9c8831c46758319f8f67617c16d6d698bdcf24e05374b4b2f603c8a,d2e907e3a9c8831c46758319f8f67617c16d6d698bdcf24e05374b4b2f603c8a,True
d004/2024/1kv/kv_vopr1.csv,8770c4a5a7159c206a0c540608e90aa19ceebf2c23f03d7e1d1a89169930eccb,8770c4a5a7159c206a0c540608e90aa19ceebf2c23f03d7e1d1a89169930eccb,True
d004/2024/1kv/kv_vopr10.csv,2f74a65891eb30d4fb22564f55d2037d457050f8e374a11df6476046d841e433,2f74a65891eb30d4fb22564f55d2037d457050f8e374a11df6476046d841e433,True
d004/2024/1kv/kv_vopr11.csv,8e5815de6a5913cf457ac2e7ace6ed4424fd3543c0d66dba9e1aa50720876284,8e5815de6a5913cf457ac2e7ace6ed4424fd3543c0d66dba9e1aa50720876284,True
d004/2024/1kv/kv_vopr12.csv,86ddb03c81db4356aeafdc7b4e78610ddcbaad73c76ba38a633fbbcace2fc03b,86ddb03c81db4356aeafdc7b4e78610ddcbaad73c76ba38a633fbbcace2fc03b,True
d004/2024/1kv/kv_vopr2.csv,d1524238b8cd41a2c90798fc03e3d22ad6f05608e7d9d89744855658d98d74cf,d1524238b8cd41a2c90798fc03e3d22ad6f05608e7d9d89744855658d98d74cf,True
d004/2024/1kv/kv_vopr3.csv,b2672c46252e41870ae90b2202f5851a5fc5aa7ecc0b5845b061b0636f0d6696,b2672c46252e41870ae90b2202f5851a5fc5aa7ecc0b5845b061b0636f0d6696,True
d004/2024/1kv/kv_vopr4.csv,1b2127d3615d62314232a142fb0547f08427cf3d631c94bcc2d2476c6e464474,1b2127d3615d62314232a142fb0547f08427cf3d631c94bcc2d2476c6e464474,True
d004/2024/1kv/kv_vopr5.csv,5e0acfb758dfa6273a30e5d23e2dc7d9522f544abdd9d0e3902c90ca502d52dd,5e0acfb758dfa6273a30e5d23e2dc7d9522f544abdd9d0e3902c90ca502d52dd,True
d004/2024/1kv/kv_vopr6.csv,7da4ece0857fb0a891a7177a0d21ea504c62fe9fa55c0a3f39b547deea884145,7da4ece0857fb0a891a7177a0d21ea504c62fe9fa55c0a3f39b547deea884145,True
d004/2024/1kv/kv_vopr7.csv,131cab25f6887395c076a9311ad5c14f40c6c935f82d0431514cb68695897e27,131cab25f6887395c076a9311ad5c14f40c6c935f82d0431514cb68695897e27,True
d004/2024/1kv/kv_vopr9.csv,1d4a7843fbb90be380099bac2da0234ecd2f32903e009e399bace3e95a4e9d42,1d4a7843fbb90be380099bac2da0234ecd2f32903e009e399bace3e95a4e9d42,True
d004/2024/2kv/kv_vopr0.csv,507c8b9c0f976148c74208af4d2cd197abf4579d980a9284929128a4fcfbf709,507c8b9c0f976148c74208af4d2cd197abf4579d980a9284929128a4fcfbf709,True
d004/2024/2kv/kv_vopr1.csv,4bdb789722c4bb01f91491c9658b869b8ec14945cb6c92dd17b6ec3b2ff3147f,4bdb789722c4bb01f91491c9658b869b8ec14945cb6c92dd17b6ec3b2ff3147f,True
d004/2024/2kv/kv_vopr10.csv,02b1bc512c57220f65f88861d9eab946a1770d314847219ae4ac8c692dcbf263,02b1bc512c57220f65f88861d9eab946a1770d314847219ae4ac8c692dcbf263,True
d004/2024/2kv/kv_vopr11.csv,77877c4e72b8c1352e8248f6e80c70cfb0713005b00860a70992e65c048ae7a7,77877c4e72b8c1352e8248f6e80c70cfb0713005b00860a70992e65c048ae7a7,True
d004/2024/2kv/kv_vopr12.csv,0a49170ad6195d3632757752654b7e857de823b6b69a4d874f16e96be0a708fa,0a49170ad6195d3632757752654b7e857de823b6b69a4d874f16e96be0a708fa,True
d004/2024/2kv/kv_vopr2.csv,9e36336d17cdb71210a5eaf4a12d4f55f82fbbcb0320fb07296d1729d6306116,9e36336d17cdb71210a5eaf4a12d4f55f82fbbcb0320fb07296d1729d6306116,True
d004/2024/2kv/kv_vopr3.csv,cbf23f4d35a6d473e9dbd1ab6d51d68520755e9701d8eabb54f609bf8448d954,cbf23f4d35a6d473e9dbd1ab6d51d68520755e9701d8eabb54f609bf8448d954,True
d004/2024/2kv/kv_vopr4.csv,b64ebb2c29499435ecc8619437f9c2020c3efdf68b0405ba1f649099e938c989,b64ebb2c29499435ecc8619437f9c2020c3efdf68b0405ba1f649099e938c989,True
d004/2024/2kv/kv_vopr5.csv,e64b5b5bab37407fa573afe35ace1d05ea76a049d287bd9b88aeafe565a621bb,e64b5b5bab37407fa573afe35ace1d05ea76a049d287bd9b88aeafe565a621bb,True
d004/2024/2kv/kv_vopr6.csv,1a9244a803e804b213030b8e29043e4438321cfa296581fafa05eba24dae5af6,1a9244a803e804b213030b8e29043e4438321cfa296581fafa05eba24dae5af6,True
d004/2024/2kv/kv_vopr7.csv,700af8311066f6c8f7a60be55bd91cd173a20129c29090e5c1c5f5af0e73aaac,700af8311066f6c8f7a60be55bd91cd173a20129c29090e5c1c5f5af0e73aaac,True
d004/2024/2kv/kv_vopr9.csv,6a31df598c1269a03f4905eecfcfca44ebe473bd97f390284df54022bc2b4db8,6a31df598c1269a03f4905eecfcfca44ebe473bd97f390284df54022bc2b4db8,True
d004/2024/3kv/kv_vopr0.csv,5f3dfe49e537c6e021fa0887932612d564930f970c88c3d843449b0cfcf6150c,5f3dfe49e537c6e021fa0887932612d564930f970c88c3d843449b0cfcf6150c,True
d004/2024/3kv/kv_vopr1.csv,47fbf61199b9fe5ee99e7f7f566e29ca77830156c0066d5f0a5b56df9cc627f9,47fbf61199b9fe5ee99e7f7f566e29ca77830156c0066d5f0a5b56df9cc627f9,True
d004/2024/3kv/kv_vopr10.csv,c16d66513ca43f38afd5eda349c4b76c1cfa3ad3ad8802bac490e2b0b6dede41,c16d66513ca43f38afd5eda349c4b76c1cfa3ad3ad8802bac490e2b0b6dede41,True
d004/2024/3kv/kv_vopr11.csv,7510dcd73100618e34c58ef114854b9c0f841af64c6a155850c6e84438b06eae,7510dcd73100618e34c58ef114854b9c0f841af64c6a155850c6e84438b06eae,True
d004/2024/3kv/kv_vopr12.csv,04e6fbf09d6d8cf50137cd5859fcfb1173068cc1bf291a2997cda3baf98d716a,04e6fbf09d6d8cf50137cd5859fcfb1173068cc1bf291a2997cda3baf98d716a,True
d004/2024/3kv/kv_vopr2.csv,666ec84c54d63573653d6ca760011148c94c72374a0e12e30b29b2c730b5016b,666ec84c54d63573653d6ca760011148c94c72374a0e12e30b29b2c730b5016b,True
d004/2024/3kv/kv_vopr3.csv,4c8481a31c150d9981916cd46fb03f6edcbdb53e3a35d2bee5c3ba75b67425fe,4c8481a31c150d9981916cd46fb03f6edcbdb53e3a35d2bee5c3ba75b67425fe,True
d004/2024/3kv/kv_vopr4.csv,4ee6d47b9f808043b24649e8b4020276ccce9866565894778e8ecc005258f657,4ee6d47b9f808043b24649e8b4020276ccce9866565894778e8ecc005258f657,True
d004/2024/3kv/kv_vopr5.csv,caed88525e4aed395a14fc7ddf22f2c315d16df155046eaaa86eaac1071a8063,caed88525e4aed395a14fc7ddf22f2c315d16df155046eaaa86eaac1071a8063,True
d004/2024/3kv/kv_vopr6.csv,3b7a8c0e01da48e5026ea1e44d225080122ba726bb10c64df6d2dc2253c2eb56,3b7a8c0e01da48e5026ea1e44d225080122ba726bb10c64df6d2dc2253c2eb56,True
d004/2024/3kv/kv_vopr7.csv,724c9438b4393dd078bfda9eb45a72d73542b9045878ab61d1eddb5c353b2bef,724c9438b4393dd078bfda9eb45a72d73542b9045878ab61d1eddb5c353b2bef,True
d004/2024/3kv/kv_vopr9.csv,50e5a7f9a347fa9151afdeb58551c723f4d73a76be0a68ccf8d4905b0aa67982,50e5a7f9a347fa9151afdeb58551c723f4d73a76be0a68ccf8d4905b0aa67982,True
d004/2024/4kv/kv_vopr0.csv,f06e9b8d783467e05eae5e9e2869d1ec1663f37dc782d6fab735a4bd3fc11fa7,f06e9b8d783467e05eae5e9e2869d1ec1663f37dc782d6fab735a4bd3fc11fa7,True
d004/2024/4kv/kv_vopr1.csv,efb217f10e2abd446d71515295d3d0a5ff47e74def21a6b5deeaa2628be43158,efb217f10e2abd446d71515295d3d0a5ff47e74def21a6b5deeaa2628be43158,True
d004/2024/4kv/kv_vopr10.csv,7d20b58581e00cf6cbcdab52577d7e5f7a53afaf6b0d0b31bf5b13aa5f70b35a,7d20b58581e00cf6cbcdab52577d7e5f7a53afaf6b0d0b31bf5b13aa5f70b35a,True
d004/2024/4kv/kv_vopr11.csv,2fe66a351515c71abbc8b43df10b274654487550488c02998bf621d26f765f39,2fe66a351515c71abbc8b43df10b274654487550488c02998bf621d26f765f39,True
d004/2024/4kv/kv_vopr12.csv,f93ff7ccd873186369bad3e99bf214cadeae6e3b44a52bf89aa5da2e31dd8cf6,f93ff7ccd873186369bad3e99bf214cadeae6e3b44a52bf89aa5da2e31dd8cf6,True
d004/2024/4kv/kv_vopr2.csv,f8db4fbca9654a892da22f5dce87c52524630e91f90d1e5288c93c2357d9b946,f8db4fbca9654a892da22f5dce87c52524630e91f90d1e5288c93c2357d9b946,True
d004/2024/4kv/kv_vopr3.csv,4a056fc431337bd70cd76a478838a6bb1b861119a08fd41607b52b1a941daf47,4a056fc431337bd70cd76a478838a6bb1b861119a08fd41607b52b1a941daf47,True
d004/2024/4kv/kv_vopr4.csv,74d9a7cd87ba5994454b6f112588709ea9f61d4fc4b66fc310c9d6cb2fedc186,74d9a7cd87ba5994454b6f112588709ea9f61d4fc4b66fc310c9d6cb2fedc186,True
d004/2024/4kv/kv_vopr5.csv,34aede2acc47c43990b7512de6af2ed96eea1b74a203cc15b6c25e125c794162,34aede2acc47c43990b7512de6af2ed96eea1b74a203cc15b6c25e125c794162,True
d004/2024/4kv/kv_vopr6.csv,ffeaeaa8027751c9f78edc0c5804d5f526843ac58ba0d4d9ae8012647f2d96bd,ffeaeaa8027751c9f78edc0c5804d5f526843ac58ba0d4d9ae8012647f2d96bd,True
d004/2024/4kv/kv_vopr7.csv,aaf4e2affe3709fafb39dd4ecef0f8f665f2e03ee1eef518a6900d6d76c5ac3b,aaf4e2affe3709fafb39dd4ecef0f8f665f2e03ee1eef518a6900d6d76c5ac3b,True
d004/2024/4kv/kv_vopr9.csv,698d13ad21a85bc8de9ae077c9af091ad72f1806e3fd6732b220d2044c29ac43,698d13ad21a85bc8de9ae077c9af091ad72f1806e3fd6732b220d2044c29ac43,True
d006/2021/rio.csv,c4b1a1e8c5a0eef0670b6b47dbdea158c81ad579a5f9dc81e54a160c9a4cfe42,c4b1a1e8c5a0eef0670b6b47dbdea158c81ad579a5f9dc81e54a160c9a4cfe42,True
d006/2022/rio2022.csv,6570747749cd0ccf82efd76b77d4a4dc1d74caf155b40bd8e4c0a7c638589370,6570747749cd0ccf82efd76b77d4a4dc1d74caf155b40bd8e4c0a7c638589370,True
d006/2023/rio2023.csv,68249942d5ea8bd5bd542e65c2e09c70776b208880008ba4b8d3c8b111c464a5,68249942d5ea8bd5bd542e65c2e09c70776b208880008ba4b8d3c8b111c464a5,True
d006/2024/rio_2024.csv,a994252b4856d85dae2e164089ef08910cf9da545036faa07e4910e61f2a3f86,a994252b4856d85dae2e164089ef08910cf9da545036faa07e4910e61f2a3f86,True
d008/2021/kontr_k.csv,b9f6ff3ad66e119c390be25175218290923a8166173e6c707732f7c33c629390,b9f6ff3ad66e119c390be25175218290923a8166173e6c707732f7c33c629390,True
d008/2022/kontr_k.csv,0e07481b57148db781b866df818aeaccaaa1e550d437cb019172c169bde97625,0e07481b57148db781b866df818aeaccaaa1e550d437cb019172c169bde97625,True
d008/2023/kontr_k.csv,5f36df63a3cd9b958afe7c092e7add8c4f6aee1893fdc3b3d3aeff54a634f77f,5f36df63a3cd9b958afe7c092e7add8c4f6aee1893fdc3b3d3aeff54a634f77f,True
d008/2024/kontr_k.csv,c392af2521a8d782674329d8994eff48910b9bea49ee2884156200e1796db0e3,c392af2521a8d782674329d8994eff48910b9bea49ee2884156200e1796db0e3,True
t001/2021/2021.csv,b7989232fbd9e6cdb67762e00c7e3b26ba46f660c4444e3cad8ea1a589f83fc3,b7989232fbd9e6cdb67762e00c7e3b26ba46f660c4444e3cad8ea1a589f83fc3,True
t001/2022/baza.csv,8cc9be666e2b32ac822914ee00347911b8e2cae141c609aa3e608f32b774e446,8cc9be666e2b32ac822914ee00347911b8e2cae141c609aa3e608f32b774e446,True
t001/2023/baza.csv,7f4664747f0bd715aacdcb0dbcad6507c937656eda158e5430328375f19db617,7f4664747f0bd715aacdcb0dbcad6507c937656eda158e5430328375f19db617,True
t001/2024/baza.csv,5e3361ac153f2935f6f039564394fdc4625a92b72937ec4912e070fe0ae39ccb,5e3361ac153f2935f6f039564394fdc4625a92b72937ec4912e070fe0ae39ccb,True
