path,households,roster_count_vs_KOL_CHL_mismatch,KOL_CHL_inconsistent_within_household,TE_inconsistent,K_inconsistent,duplicate_person_keys,height_below_40_or_above_230,rows,repeated_household_item_excess,rows_in_repeated_household_item_groups,living_area_above_total,living_area_nonpositive,rooms_nonpositive,U_codes_outside_1_2,unmatched_nonzero_land_person_refs,age_birth_year_inconsistent,month_quarter_inconsistent,quarter_missing,unmatched_households,NOMP_mismatch,POL_mismatch,VOZ_mismatch,hire_year_before_birth_year
d008/2021/kontr_k.csv,12000,0,0,0,0,0,0,,,,,,,,,,,,,,,,
d008/2022/kontr_k.csv,12000,0,0,0,0,0,0,,,,,,,,,,,,,,,,
d008/2023/kontr_k.csv,12000,0,0,0,0,0,0,,,,,,,,,,,,,,,,
d008/2024/kontr_k.csv,12000,0,0,0,0,0,0,,,,,,,,,,,,,,,,
d004/2021/1kv/kv_vopr1.csv,,,,,,,,268143,42397,77395,,,,,,,,,,,,,
d004/2021/2kv/kv_vopr1.csv,,,,,,,,274850,43107,79003,,,,,,,,,,,,,
d004/2021/3kv/kv_vopr1.csv,,,,,,,,291409,44733,82029,,,,,,,,,,,,,
d004/2021/4kv/kv_vopr1.csv,,,,,,,,258042,40731,74447,,,,,,,,,,,,,
d004/2022/1kv/kv_vopr1.csv,,,,,,,,270907,41362,75754,,,,,,,,,,,,,
d004/2022/2kv/kv_vopr1.csv,,,,,,,,274264,42880,78473,,,,,,,,,,,,,
d004/2022/3kv/kv_vopr1.csv,,,,,,,,297560,46132,84516,,,,,,,,,,,,,
d004/2022/4kv/kv_vopr1.csv,,,,,,,,262008,40112,73392,,,,,,,,,,,,,
d004/2023/1kv/kv_vopr1.csv,,,,,,,,267827,41129,75217,,,,,,,,,,,,,
d004/2023/2kv/kv_vopr1.csv,,,,,,,,267699,41172,75514,,,,,,,,,,,,,
d004/2023/3kv/kv_vopr1.csv,,,,,,,,298072,45494,83319,,,,,,,,,,,,,
d004/2023/4kv/kv_vopr1.csv,,,,,,,,265988,40425,74199,,,,,,,,,,,,,
d004/2024/1kv/kv_vopr1.csv,,,,,,,,269130,39992,73345,,,,,,,,,,,,,
d004/2024/2kv/kv_vopr1.csv,,,,,,,,267326,40301,73908,,,,,,,,,,,,,
d004/2024/3kv/kv_vopr1.csv,,,,,,,,294179,43760,80283,,,,,,,,,,,,,
d004/2024/4kv/kv_vopr1.csv,,,,,,,,264416,39048,71533,,,,,,,,,,,,,
d006/2021/rio.csv,,,,,,,,,,,36,0,0,0,159,,,,,,,,
d006/2022/rio2022.csv,,,,,,,,,,,48,0,0,0,113,,,,,,,,
d006/2023/rio2023.csv,,,,,,,,,,,44,0,0,0,179,,,,,,,,
d006/2024/rio_2024.csv,,,,,,,,,,,46,0,0,0,141,,,,,,,,
t001/2021/2021.csv,,,,,,,,,,,,,,,,347,,,,,,,
t001/2022/baza.csv,,,,,,,,,,,,,,,,235,30836,0,,,,,
t001/2023/baza.csv,,,,,,,,,,,,,,,,273,30075,0,,,,,
t001/2024/baza.csv,,,,,,,,,,,,,,,,168,31435,710,,,,,
d002/2021/subject_vs_ocenka,,,,,,,,,,,,,,,,,,,0,32,14,11683,
d002/2022/subject_vs_ocenka,,,,,,,,,,,,,,,,,,,0,0,0,0,
d002/2023/subject_vs_ocenka,,,,,,,,,,,,,,,,,,,0,328,176,320,
d002/2024/subject_vs_ocenka,,,,,,,,,,,,,,,,,,,0,32,12,32,
2t/2022/2_t_oplata_truda_2022.csv,,,,,,,,,,,,,,,,,,,,,,,375
2t/2023/2_t_oplata_truda_2023.csv,,,,,,,,,,,,,,,,,,,,,,,405
2t/2024/sr_2t_ot_god_04_2024_parol_2025.csv,,,,,,,,,,,,,,,,,,,,,,,36
