path,KCP,n,nulls,min,max,median,negative
1t_god/2021/2021_1t_god.csv,251401,1311290,0,0.1,7783859.0,5.0,0
1t_god/2021/2021_1t_god.csv,25140103,186321,0,0.1,2825872.0,6.0,0
1t_god/2021/2021_1t_god.csv,25140107,1973,0,1.0,202750.0,5.0,0
1t_god/2021/2021_1t_god.csv,251403,234471,0,0.1,4902120.8,6.0,0
1t_god/2021/2021_1t_god.csv,251404,456909,0,0.1,6043958.0,6.0,0
1t_god/2021/2021_1t_god.csv,25140403,19226,0,0.2,1044860.0,3.0,0
1t_god/2021/2021_1t_god.csv,25140405,9718,0,0.2,1855054.8,3.0,0
1t_god/2021/2021_1t_god.csv,251404051,6357,0,0.2,641993.0,3.0,0
1t_god/2021/2021_1t_god.csv,251408,9340,0,0.1,307358.0,3.0,0
1t_god/2021/2021_1t_god.csv,251409,7994,0,0.4,382008.0,4.0,0
1t_god/2021/2021_1t_god.csv,251410,19281,0,0.4,1639050.8,6.0,0
1t_god/2021/2021_1t_god.csv,251411,5019,0,0.4,421537.0,3.0,0
1t_god/2021/2021_1t_god.csv,251412,617,0,0.5,131353.0,4.0,0
1t_god/2021/2021_1t_god.csv,251414,1104940,0,0.1,11647014.5,7.0,0
1t_god/2021/2021_1t_god.csv,25141403,150437,0,0.1,3306509.0,11.0,0
1t_god/2021/2021_1t_god.csv,25141406,2090,0,1.0,115725.0,4.0,0
1t_god/2021/2021_1t_god.csv,251421,197,0,1.0,1310.7,57.0,0
1t_god/2021/2021_1t_god.csv,251423,2849,0,0.5,481572.0,6.0,0
1t_god/2021/2021_1t_god.csv,252101,1121133,0,42.5,17697928.0,141335.0,0
1t_god/2021/2021_1t_god.csv,25210101,151278,0,42.5,17697928.0,144942.0,0
1t_god/2021/2021_1t_god.csv,252201,53194,0,15.8,21736749.6,128279.0,0
1t_god/2021/2021_1t_god.csv,252203,1302213,0,0.1,21736749.6,11287.5,0
1t_god/2021/2021_1t_god.csv,25220302,51576,0,7.4,21736749.6,57462.0,0
1t_god/2021/2021_1t_god.csv,25220305,145592,0,0.7,21736749.6,16347.4,0
1t_god/2021/2021_1t_god.csv,25220306,9665,0,0.4,3948324.6,3312.5,0
1t_god/2021/2021_1t_god.csv,25220307,7881,0,12.0,4902120.8,4151.8,0
1t_god/2021/2021_1t_god.csv,252204,345730,0,0.1,11736366.2,1650.0,0
1t_god/2021/2021_1t_god.csv,252301,113595,0,0.1,2825872.0,5.0,0
1t_god/2021/2021_1t_god.csv,25230102,11479,0,0.1,380568.0,4.0,0
1t_god/2021/2021_1t_god.csv,252301021,2036,0,0.9,430738.3,4.0,0
1t_god/2021/2021_1t_god.csv,25230103,6033,0,0.3,498115.0,5.0,0
1t_god/2021/2021_1t_god.csv,25230104,1688,0,1.0,590293.7,3.0,0
1t_god/2021/2021_1t_god.csv,252302,225809,0,0.1,1234034.0,5.0,0
1t_god/2021/2021_1t_god.csv,252401,104398,0,0.4,8761990.6,5391.0,0
1t_god/2021/2021_1t_god.csv,252402,310349,0,0.2,3989025.0,265.0,0
1t_god/2021/2021_1t_god.csv,252403,124942,0,0.1,8725877.1,1195.9,0
1t_god/2021/2021_1t_god.csv,252404,104290,0,0.2,1564722.0,14.0,0
1t_god/2021/2021_1t_god.csv,25220303,41,0,4.0,430.0,46.0,0
1t_god/2022/2022_1t_god.csv,251401,1388864,0,0.1,12441.0,4.0,0
1t_god/2022/2022_1t_god.csv,25140103,200838,0,0.1,12441.0,5.0,0
1t_god/2022/2022_1t_god.csv,25140107,2882,0,1.0,4518.0,6.0,0
1t_god/2022/2022_1t_god.csv,25140108,10430,0,1.0,3985.0,6.0,0
1t_god/2022/2022_1t_god.csv,25140109,20366,0,0.7,12441.0,5.0,0
1t_god/2022/2022_1t_god.csv,251403,250058,0,0.1,12441.0,6.0,0
1t_god/2022/2022_1t_god.csv,25140302,44361,0,0.5,12441.0,5.0,0
1t_god/2022/2022_1t_god.csv,251404,492156,0,0.1,12441.0,5.0,0
1t_god/2022/2022_1t_god.csv,25140403,19850,0,0.2,12441.0,4.0,0
1t_god/2022/2022_1t_god.csv,25140405,11057,0,0.2,12441.0,5.0,0
1t_god/2022/2022_1t_god.csv,251404051,7531,0,0.5,5704.0,5.0,0
1t_god/2022/2022_1t_god.csv,25140406,46189,0,0.1,6085.4,5.0,0
1t_god/2022/2022_1t_god.csv,251408,13451,0,0.1,4471.0,4.0,0
1t_god/2022/2022_1t_god.csv,251409,9054,0,0.2,3250.0,4.0,0
1t_god/2022/2022_1t_god.csv,251410,25112,0,0.2,6085.4,7.0,0
1t_god/2022/2022_1t_god.csv,251411,5298,0,0.1,3985.0,4.0,0
1t_god/2022/2022_1t_god.csv,251412,382,0,0.3,498.0,2.0,0
1t_god/2022/2022_1t_god.csv,251414,1152572,0,0.1,12441.0,7.0,0
1t_god/2022/2022_1t_god.csv,25141403,155316,0,0.1,12441.0,10.0,0
1t_god/2022/2022_1t_god.csv,25141406,3153,0,0.8,5704.0,5.0,0
1t_god/2022/2022_1t_god.csv,251421,505,0,1.0,33594.0,43.0,0
1t_god/2022/2022_1t_god.csv,251423,1328,0,0.1,3515.0,4.0,0
1t_god/2022/2022_1t_god.csv,252101,1157345,0,8.0,20583050.3,165709.3,0
1t_god/2022/2022_1t_god.csv,25210101,158705,0,29.0,20583050.3,171056.0,0
1t_god/2022/2022_1t_god.csv,25210109,15878,0,15.4,7940946.0,141333.0,0
1t_god/2022/2022_1t_god.csv,25210110,6943,0,60.0,15344358.0,169462.0,0
1t_god/2022/2022_1t_god.csv,25210111,8204,0,83.0,14299947.8,152053.5,0
1t_god/2022/2022_1t_god.csv,25210112,15811,0,29.0,15344358.0,156417.0,0
1t_god/2022/2022_1t_god.csv,252201,56691,0,9.0,20583050.3,74250.0,0
1t_god/2022/2022_1t_god.csv,252203,1340033,0,1.0,20583050.3,13236.0,0
1t_god/2022/2022_1t_god.csv,25220302,55145,0,1.9,20583050.3,42993.9,0
1t_god/2022/2022_1t_god.csv,25220303,38,0,1598.0,128409.1,17548.2,0
1t_god/2022/2022_1t_god.csv,25220305,154979,0,1.1,20583050.3,19450.0,0
1t_god/2022/2022_1t_god.csv,25220306,12946,0,1.0,2765788.5,4779.5,0
1t_god/2022/2022_1t_god.csv,25220307,10254,0,1.0,15184063.6,4320.0,0
1t_god/2022/2022_1t_god.csv,252204,364724,0,1.0,15184063.6,2040.0,0
1t_god/2022/2022_1t_god.csv,252301,120220,0,0.1,12441.0,5.0,0
1t_god/2022/2022_1t_god.csv,25230102,9943,0,0.3,4518.0,5.0,0
1t_god/2022/2022_1t_god.csv,252301021,2074,0,0.2,1513.0,5.0,0
1t_god/2022/2022_1t_god.csv,25230103,7539,0,0.2,4518.0,5.0,0
1t_god/2022/2022_1t_god.csv,25230104,2293,0,1.0,867.0,4.0,0
1t_god/2022/2022_1t_god.csv,252302,240142,0,0.1,12441.0,5.0,0
1t_god/2022/2022_1t_god.csv,252401,115551,0,1.0,8365700.4,4280.5,0
1t_god/2022/2022_1t_god.csv,252402,320727,0,1.0,246444.0,246.0,0
1t_god/2022/2022_1t_god.csv,252403,137389,0,1.0,20583050.3,976.0,0
1t_god/2022/2022_1t_god.csv,252404,111634,0,0.1,12441.0,15.0,0
1t_god/2023/2023_1t_god.csv,251401,1450248,0,0.1,7257750.0,4.0,0
1t_god/2023/2023_1t_god.csv,25140103,216860,0,0.1,5324353.3,5.0,0
1t_god/2023/2023_1t_god.csv,25140107,1432,0,1.0,91425.0,8.0,0
1t_god/2023/2023_1t_god.csv,25140108,11353,0,1.0,229658.0,3.0,0
1t_god/2023/2023_1t_god.csv,25140109,21683,0,0.7,626540.6,3.0,0
1t_god/2023/2023_1t_god.csv,251403,263791,0,0.1,1656378.3,6.0,0
1t_god/2023/2023_1t_god.csv,25140302,46333,0,0.2,264250.0,4.0,0
1t_god/2023/2023_1t_god.csv,251404,521392,0,0.1,2569696.0,5.0,0
1t_god/2023/2023_1t_god.csv,25140403,20765,0,0.1,181023.0,2.0,0
1t_god/2023/2023_1t_god.csv,25140405,12832,0,0.3,95058.0,2.0,0
1t_god/2023/2023_1t_god.csv,251404051,7362,0,0.8,3534.0,2.0,0
1t_god/2023/2023_1t_god.csv,25140406,45826,0,0.7,334401.0,3.0,0
1t_god/2023/2023_1t_god.csv,251408,12433,0,0.2,14480.6,3.0,0
1t_god/2023/2023_1t_god.csv,251409,11712,0,0.1,8611.5,4.0,0
1t_god/2023/2023_1t_god.csv,251410,25737,0,0.7,877340.0,9.0,0
1t_god/2023/2023_1t_god.csv,251411,5034,0,0.6,109728.4,3.0,0
1t_god/2023/2023_1t_god.csv,251412,625,0,0.4,1316.0,1.0,0
1t_god/2023/2023_1t_god.csv,251414,1182874,0,0.1,4431056.5,6.0,0
1t_god/2023/2023_1t_god.csv,25141403,161807,0,0.1,715714.0,10.0,0
1t_god/2023/2023_1t_god.csv,25141406,1160,0,1.0,1339.0,7.0,0
1t_god/2023/2023_1t_god.csv,251421,294,0,1.0,234998.0,22.0,0
1t_god/2023/2023_1t_god.csv,251423,1545,0,1.0,3941.4,3.0,0
1t_god/2023/2023_1t_god.csv,252101,1190018,0,1.0,71862724.3,193427.0,0
1t_god/2023/2023_1t_god.csv,25210101,161796,0,1.0,71862724.3,198426.0,0
1t_god/2023/2023_1t_god.csv,25210109,14450,0,1.0,47719685.8,104000.0,0
1t_god/2023/2023_1t_god.csv,25210110,7942,0,1.0,21400538.0,171692.0,0
1t_god/2023/2023_1t_god.csv,25210111,7431,0,10.0,41229101.3,168403.0,0
1t_god/2023/2023_1t_god.csv,25210112,14872,0,1.0,19386087.8,168215.0,0
1t_god/2023/2023_1t_god.csv,252201,58969,0,1.0,71862724.3,87305.8,0
1t_god/2023/2023_1t_god.csv,252203,1389701,0,0.3,71862724.3,15689.8,0
1t_god/2023/2023_1t_god.csv,25220302,57507,0,1.0,71862724.3,43382.0,0
1t_god/2023/2023_1t_god.csv,25220303,162,0,96.0,316151.0,3524.5,0
1t_god/2023/2023_1t_god.csv,25220305,166252,0,1.0,71862724.3,22400.0,0
1t_god/2023/2023_1t_god.csv,25220306,13913,0,1.0,1457895.0,4800.0,0
1t_god/2023/2023_1t_god.csv,25220307,11314,0,1.0,11872181.1,4771.5,0
1t_god/2023/2023_1t_god.csv,252204,370834,0,0.3,71862724.3,2539.0,0
1t_god/2023/2023_1t_god.csv,252301,119059,0,0.1,621796.0,5.0,0
1t_god/2023/2023_1t_god.csv,25230102,9350,0,0.4,3941.4,5.0,0
1t_god/2023/2023_1t_god.csv,252301021,1477,0,1.0,1923.0,5.0,0
1t_god/2023/2023_1t_god.csv,25230103,8374,0,0.7,47275.1,5.0,0
1t_god/2023/2023_1t_god.csv,25230104,2917,0,1.0,2037.0,4.0,0
1t_god/2023/2023_1t_god.csv,252302,236671,0,0.1,2207514.0,5.8,0
1t_god/2023/2023_1t_god.csv,252401,116123,0,0.3,7978488.0,4437.0,0
1t_god/2023/2023_1t_god.csv,252402,333430,0,1.0,184003.0,246.0,0
1t_god/2023/2023_1t_god.csv,252403,146167,0,0.3,4891083.0,1007.8,0
1t_god/2023/2023_1t_god.csv,252404,112498,0,0.1,3324661.0,14.0,0
1t_god/2024/sr_1t_god_12_2024.csv,251401,929300,0,0.1,4821.0,4.0,0
1t_god/2024/sr_1t_god_12_2024.csv,25140103,136969,0,0.1,4821.0,6.0,0
1t_god/2024/sr_1t_god_12_2024.csv,25140107,946,0,1.0,968.0,4.0,0
1t_god/2024/sr_1t_god_12_2024.csv,251403,172399,0,0.1,4821.0,6.0,0
1t_god/2024/sr_1t_god_12_2024.csv,251404,317107,0,0.1,4821.0,6.0,0
1t_god/2024/sr_1t_god_12_2024.csv,25140403,15685,0,0.1,2476.0,3.0,0
1t_god/2024/sr_1t_god_12_2024.csv,25140405,7087,0,0.9,1596.0,3.0,0
1t_god/2024/sr_1t_god_12_2024.csv,251404051,5119,0,1.0,1596.0,2.0,0
1t_god/2024/sr_1t_god_12_2024.csv,251408,7845,0,0.9,2269.0,4.0,0
1t_god/2024/sr_1t_god_12_2024.csv,251409,7657,0,0.1,2606.0,4.0,0
1t_god/2024/sr_1t_god_12_2024.csv,251410,13056,0,1.0,4069.0,7.0,0
1t_god/2024/sr_1t_god_12_2024.csv,251411,3677,0,0.9,4069.0,3.0,0
1t_god/2024/sr_1t_god_12_2024.csv,251412,642,0,1.0,922.0,1.0,0
1t_god/2024/sr_1t_god_12_2024.csv,251414,768467,0,0.1,4821.0,6.0,0
1t_god/2024/sr_1t_god_12_2024.csv,25141403,106145,0,0.3,4821.0,11.0,0
1t_god/2024/sr_1t_god_12_2024.csv,25141406,986,0,1.0,1596.0,4.0,0
1t_god/2024/sr_1t_god_12_2024.csv,251421,182,0,2.0,7544.0,175.0,0
1t_god/2024/sr_1t_god_12_2024.csv,251423,920,0,0.9,968.0,2.0,0
1t_god/2024/sr_1t_god_12_2024.csv,252101,770737,0,1.0,20286817.0,216035.0,0
1t_god/2024/sr_1t_god_12_2024.csv,25210101,107707,0,5.0,20286817.0,221456.0,0
1t_god/2024/sr_1t_god_12_2024.csv,25210113,7527,0,13.0,11760803.0,130839.0,0
1t_god/2024/sr_1t_god_12_2024.csv,25210114,7452,0,9.4,20286817.0,75633.1,0
1t_god/2024/sr_1t_god_12_2024.csv,252201,36884,0,1.0,20286817.0,89308.1,0
1t_god/2024/sr_1t_god_12_2024.csv,252203,906934,0,1.0,20286817.0,17542.1,0
1t_god/2024/sr_1t_god_12_2024.csv,25220302,37680,0,1.0,20286817.0,30554.7,0
1t_god/2024/sr_1t_god_12_2024.csv,25220305,106288,0,1.0,20286817.0,23504.25,0
1t_god/2024/sr_1t_god_12_2024.csv,25220306,8124,0,1.0,1965021.0,6737.4,0
1t_god/2024/sr_1t_god_12_2024.csv,25220307,7545,0,1.0,1659729.8,5376.0,0
1t_god/2024/sr_1t_god_12_2024.csv,252204,258305,0,1.0,20286817.0,2990.0,0
1t_god/2024/sr_1t_god_12_2024.csv,252301,68826,0,0.1,3953.0,5.0,0
1t_god/2024/sr_1t_god_12_2024.csv,25230102,5812,0,0.9,1077.0,4.0,0
1t_god/2024/sr_1t_god_12_2024.csv,252301021,905,0,1.0,1596.0,4.0,0
1t_god/2024/sr_1t_god_12_2024.csv,25230103,4184,0,1.0,1715.0,5.0,0
1t_god/2024/sr_1t_god_12_2024.csv,25230104,1290,0,0.9,980.0,2.0,0
1t_god/2024/sr_1t_god_12_2024.csv,252302,151161,0,0.1,4821.0,5.0,0
1t_god/2024/sr_1t_god_12_2024.csv,252401,75114,0,1.0,19005892.9,5850.0,0
1t_god/2024/sr_1t_god_12_2024.csv,252402,220481,0,1.0,140238.0,249.0,0
1t_god/2024/sr_1t_god_12_2024.csv,252403,92911,0,1.0,9703866.0,1205.0,0
1t_god/2024/sr_1t_god_12_2024.csv,252404,73580,0,0.3,4821.0,15.0,0
1t_god/2024/sr_1t_god_12_2024.csv,25220303,26,0,1070.0,47040.0,5124.5,0
1t_kv/2021/1kv/1kv2021.csv,251401,205981,0,0.1,1517386.6,15.0,0
1t_kv/2021/1kv/1kv2021.csv,25140103,112584,0,0.1,431793.0,14.0,0
1t_kv/2021/1kv/1kv2021.csv,251403,112873,0,0.1,523056.0,14.0,0
1t_kv/2021/1kv/1kv2021.csv,251404,113000,0,0.1,476496.0,13.0,0
1t_kv/2021/1kv/1kv2021.csv,251408,9988,0,0.2,1263.0,3.0,0
1t_kv/2021/1kv/1kv2021.csv,251409,6257,0,0.1,1263.0,3.0,0
1t_kv/2021/1kv/1kv2021.csv,251411,6677,0,0.4,925.0,3.0,0
1t_kv/2021/1kv/1kv2021.csv,251412,555,0,0.3,133587.0,5.0,0
1t_kv/2021/1kv/1kv2021.csv,251414,182925,0,0.1,937107.4,17.0,0
1t_kv/2021/1kv/1kv2021.csv,25141403,94873,0,0.1,6249297.0,21.0,0
1t_kv/2021/1kv/1kv2021.csv,252101,95720,0,5333.0,23946944.0,131833.0,0
1t_kv/2021/1kv/1kv2021.csv,25210101,94719,0,5333.0,23946944.0,132101.0,0
1t_kv/2021/1kv/1kv2021.csv,252203,94914,0,0.4,8302198.0,7620.0,0
1t_kv/2021/1kv/1kv2021.csv,25220305,94703,0,0.5,8302198.0,8000.0,0
1t_kv/2021/1kv/1kv2021.csv,252301,43417,0,0.1,1263.0,3.0,0
1t_kv/2021/1kv/1kv2021.csv,252302,85604,0,0.1,1263.0,3.0,0
1t_kv/2021/1kv/1kv2021.csv,252305,2685,0,0.5,1075.0,3.0,0
1t_kv/2021/1kv/1kv2021.csv,252404,94792,0,0.1,359402.0,10.0,0
1t_kv/2021/1kv/1kv2021.csv,25240401,95449,0,50.0,691.0,450.0,0
1t_kv/2021/2kv/2kv2021.csv,251401,205553,0,0.1,1766000.0,14.0,0
1t_kv/2021/2kv/2kv2021.csv,25140103,112706,0,0.1,751287.4,13.0,0
1t_kv/2021/2kv/2kv2021.csv,251403,111614,0,0.1,1754809.7,12.9,0
1t_kv/2021/2kv/2kv2021.csv,251404,114967,0,0.1,561167.0,12.0,0
1t_kv/2021/2kv/2kv2021.csv,251408,10667,0,0.4,1664.0,3.0,0
1t_kv/2021/2kv/2kv2021.csv,251409,7196,0,0.2,1234.0,3.0,0
1t_kv/2021/2kv/2kv2021.csv,251411,6945,0,0.3,610.0,3.0,0
1t_kv/2021/2kv/2kv2021.csv,251412,471,0,0.4,142403.0,12.0,0
1t_kv/2021/2kv/2kv2021.csv,251414,185773,0,0.1,4058167.0,18.0,0
1t_kv/2021/2kv/2kv2021.csv,25141403,96356,0,0.1,1107238.0,19.0,0
1t_kv/2021/2kv/2kv2021.csv,252101,96077,0,3500.0,4925121.0,143085.0,0
1t_kv/2021/2kv/2kv2021.csv,25210101,95674,0,3500.0,4925121.0,144324.0,0
1t_kv/2021/2kv/2kv2021.csv,252203,95601,0,1.0,16188954.7,11713.9,0
1t_kv/2021/2kv/2kv2021.csv,25220305,96642,0,1.0,16188954.7,12220.3,0
1t_kv/2021/2kv/2kv2021.csv,252301,44228,0,0.1,3700.0,4.0,0
1t_kv/2021/2kv/2kv2021.csv,252302,98005,0,0.1,270667.0,4.0,0
1t_kv/2021/2kv/2kv2021.csv,252305,3095,0,0.5,1113.0,4.0,0
1t_kv/2021/2kv/2kv2021.csv,252404,95801,0,0.1,543033.0,19.0,0
1t_kv/2021/2kv/2kv2021.csv,25240401,95170,0,50.0,2000.0,518.0,0
1t_kv/2021/3kv/3kv2021.csv,251401,208396,0,0.1,827173.0,13.0,0
1t_kv/2021/3kv/3kv2021.csv,25140103,113464,0,0.1,1260585.0,13.0,0
1t_kv/2021/3kv/3kv2021.csv,251403,111933,0,0.1,3949643.0,14.0,0
1t_kv/2021/3kv/3kv2021.csv,251404,115414,0,0.1,358188.0,13.0,0
1t_kv/2021/3kv/3kv2021.csv,251408,11380,0,0.4,2883.0,3.0,0
1t_kv/2021/3kv/3kv2021.csv,251409,6900,0,0.3,2833.0,4.0,0
1t_kv/2021/3kv/3kv2021.csv,251411,7182,0,0.5,843.0,3.0,0
1t_kv/2021/3kv/3kv2021.csv,251412,600,0,0.8,13089.3,4.0,0
1t_kv/2021/3kv/3kv2021.csv,251414,189292,0,0.1,202481.0,18.0,0
1t_kv/2021/3kv/3kv2021.csv,25141403,97769,0,0.1,483555.0,20.0,0
1t_kv/2021/3kv/3kv2021.csv,252101,97043,0,333.0,15293967.0,143080.0,0
1t_kv/2021/3kv/3kv2021.csv,25210101,97177,0,333.0,15293967.0,142977.0,0
1t_kv/2021/3kv/3kv2021.csv,252203,97507,0,1.0,40976550.9,15141.0,0
1t_kv/2021/3kv/3kv2021.csv,25220305,98566,0,1.0,40976550.9,15955.2,0
1t_kv/2021/3kv/3kv2021.csv,252301,52277,0,0.1,5281.0,4.0,0
1t_kv/2021/3kv/3kv2021.csv,252302,111856,0,0.1,5281.0,4.0,0
1t_kv/2021/3kv/3kv2021.csv,252305,3161,0,0.4,799.0,4.0,0
1t_kv/2021/3kv/3kv2021.csv,252404,97568,0,0.1,823578.0,21.0,0
1t_kv/2021/3kv/3kv2021.csv,25240401,97111,0,100.0,31100.0,600.0,0
1t_kv/2021/4kv/4kv2021.csv,251401,208662,0,0.1,5743.9,14.1,0
1t_kv/2021/4kv/4kv2021.csv,25140103,115531,0,0.1,5540.0,14.0,0
1t_kv/2021/4kv/4kv2021.csv,251403,112342,0,0.1,5743.9,15.0,0
1t_kv/2021/4kv/4kv2021.csv,251404,116483,0,0.1,5743.9,14.0,0
1t_kv/2021/4kv/4kv2021.csv,251408,12294,0,0.1,3771.0,3.0,0
1t_kv/2021/4kv/4kv2021.csv,251409,8017,0,0.5,3771.0,3.0,0
1t_kv/2021/4kv/4kv2021.csv,251411,7034,0,0.4,2575.0,3.0,0
1t_kv/2021/4kv/4kv2021.csv,251412,663,0,1.0,199983.0,27.0,0
1t_kv/2021/4kv/4kv2021.csv,251414,190208,0,0.1,5743.9,18.0,0
1t_kv/2021/4kv/4kv2021.csv,25141403,97598,0,0.1,5743.9,22.0,0
1t_kv/2021/4kv/4kv2021.csv,252101,97658,0,2958.0,19429852.0,157667.5,0
1t_kv/2021/4kv/4kv2021.csv,25210101,96474,0,2958.0,19429852.0,158700.5,0
1t_kv/2021/4kv/4kv2021.csv,252203,97779,0,34.0,34496093.0,19387.0,0
1t_kv/2021/4kv/4kv2021.csv,25220305,98419,0,34.0,34496093.0,21341.0,0
1t_kv/2021/4kv/4kv2021.csv,252301,53352,0,0.1,5542.0,4.0,0
1t_kv/2021/4kv/4kv2021.csv,252302,112534,0,0.1,5542.0,5.0,0
1t_kv/2021/4kv/4kv2021.csv,252305,3039,0,1.0,1417.0,4.0,0
1t_kv/2021/4kv/4kv2021.csv,252404,97562,0,0.1,5743.9,21.3,0
1t_kv/2021/4kv/4kv2021.csv,25240401,98543,0,26.0,10600.0,550.0,0
1t_kv/2022/1kv/1kv2022.csv,251401,202947,0,0.1,3464167.0,16.0,0
1t_kv/2022/1kv/1kv2022.csv,25140103,110773,0,0.1,3284855.3,14.0,0
1t_kv/2022/1kv/1kv2022.csv,251403,110876,0,0.1,2890667.0,15.0,0
1t_kv/2022/1kv/1kv2022.csv,251404,111433,0,0.1,4587533.0,14.0,0
1t_kv/2022/1kv/1kv2022.csv,251408,12176,0,0.1,1609.0,3.0,0
1t_kv/2022/1kv/1kv2022.csv,251409,7270,0,0.4,1642.0,3.0,0
1t_kv/2022/1kv/1kv2022.csv,251411,6397,0,0.4,1281.0,3.0,0
1t_kv/2022/1kv/1kv2022.csv,251412,530,0,0.4,343040.0,5.0,0
1t_kv/2022/1kv/1kv2022.csv,251414,184510,0,0.1,14126514.0,21.0,0
1t_kv/2022/1kv/1kv2022.csv,25141403,94662,0,0.1,1099387.0,22.0,0
1t_kv/2022/1kv/1kv2022.csv,251423,665,0,1.0,376.0,4.0,0
1t_kv/2022/1kv/1kv2022.csv,252101,94057,0,333.0,9685317.0,173095.0,0
1t_kv/2022/1kv/1kv2022.csv,25210101,95838,0,333.0,9685317.0,173662.0,0
1t_kv/2022/1kv/1kv2022.csv,252203,95048,0,21.8,14126514.0,11718.5,0
1t_kv/2022/1kv/1kv2022.csv,25220305,94756,0,21.8,14126514.0,12771.4,0
1t_kv/2022/1kv/1kv2022.csv,252301,44467,0,0.1,1642.0,3.0,0
1t_kv/2022/1kv/1kv2022.csv,252302,94336,0,0.1,1642.0,3.0,0
1t_kv/2022/1kv/1kv2022.csv,252305,3156,0,0.4,756.0,3.0,0
1t_kv/2022/1kv/1kv2022.csv,252404,95987,0,0.1,1041786.0,13.0,0
1t_kv/2022/1kv/1kv2022.csv,25240401,95189,0,31.0,1000.0,450.0,0
1t_kv/2022/2kv/2kv2022.csv,251401,204128,0,0.1,2011467.0,16.0,0
1t_kv/2022/2kv/2kv2022.csv,25140103,110341,0,0.1,1297828.1,15.0,0
1t_kv/2022/2kv/2kv2022.csv,251403,111517,0,0.1,1067397.0,15.0,0
1t_kv/2022/2kv/2kv2022.csv,251404,112264,0,0.1,634038.0,14.0,0
1t_kv/2022/2kv/2kv2022.csv,251408,11376,0,0.3,1035.0,3.0,0
1t_kv/2022/2kv/2kv2022.csv,251409,7671,0,0.3,1035.0,3.0,0
1t_kv/2022/2kv/2kv2022.csv,251411,6289,0,0.2,768.0,3.0,0
1t_kv/2022/2kv/2kv2022.csv,251412,534,0,0.5,1590.0,11.8,0
1t_kv/2022/2kv/2kv2022.csv,251414,183997,0,0.1,2286571.3,20.0,0
1t_kv/2022/2kv/2kv2022.csv,25141403,95788,0,0.1,933811.0,22.0,0
1t_kv/2022/2kv/2kv2022.csv,251423,669,0,0.3,426.0,3.0,0
1t_kv/2022/2kv/2kv2022.csv,252101,94572,0,167.0,7750045.0,186633.0,0
1t_kv/2022/2kv/2kv2022.csv,25210101,94791,0,167.0,7750045.0,187510.0,0
1t_kv/2022/2kv/2kv2022.csv,252203,94463,0,1.0,29810850.6,17917.6,0
1t_kv/2022/2kv/2kv2022.csv,25220305,94101,0,1.0,29810850.6,19065.0,0
1t_kv/2022/2kv/2kv2022.csv,252301,47005,0,0.2,1466.0,4.0,0
1t_kv/2022/2kv/2kv2022.csv,252302,100827,0,0.1,1466.0,4.0,0
1t_kv/2022/2kv/2kv2022.csv,252305,2870,0,0.3,975.0,4.0,0
1t_kv/2022/2kv/2kv2022.csv,252404,94715,0,0.1,831646.0,19.0,0
1t_kv/2022/2kv/2kv2022.csv,25240401,94837,0,50.0,1700.0,523.0,0
1t_kv/2022/3kv/3kv2022.csv,251401,207976,0,0.1,1973851.6,15.0,0
1t_kv/2022/3kv/3kv2022.csv,25140103,115474,0,0.1,1148815.0,14.4,0
1t_kv/2022/3kv/3kv2022.csv,251403,113596,0,0.1,1069185.0,15.0,0
1t_kv/2022/3kv/3kv2022.csv,251404,114662,0,0.1,1711247.6,14.3,0
1t_kv/2022/3kv/3kv2022.csv,251408,12316,0,0.3,2741.0,4.0,0
1t_kv/2022/3kv/3kv2022.csv,251409,7506,0,0.1,2741.0,3.0,0
1t_kv/2022/3kv/3kv2022.csv,251411,7124,0,0.4,2741.0,3.0,0
1t_kv/2022/3kv/3kv2022.csv,251412,458,0,0.9,873.0,4.0,0
1t_kv/2022/3kv/3kv2022.csv,251414,190105,0,0.1,748601.0,19.0,0
1t_kv/2022/3kv/3kv2022.csv,25141403,97084,0,0.1,2929360.4,21.0,0
1t_kv/2022/3kv/3kv2022.csv,251423,810,0,0.3,2741.0,4.0,0
1t_kv/2022/3kv/3kv2022.csv,252101,98146,0,4333.0,6972344.0,179383.0,0
1t_kv/2022/3kv/3kv2022.csv,25210101,96781,0,4333.0,6972344.0,179606.0,0
1t_kv/2022/3kv/3kv2022.csv,252203,97762,0,39.0,43513879.6,19837.0,0
1t_kv/2022/3kv/3kv2022.csv,25220305,97061,0,39.0,43513879.6,21133.0,0
1t_kv/2022/3kv/3kv2022.csv,252301,53019,0,0.1,2582.0,4.0,0
1t_kv/2022/3kv/3kv2022.csv,252302,112347,0,0.1,2582.0,4.0,0
1t_kv/2022/3kv/3kv2022.csv,252305,3032,0,1.0,868.0,4.0,0
1t_kv/2022/3kv/3kv2022.csv,252404,97074,0,0.1,564642.0,22.0,0
1t_kv/2022/3kv/3kv2022.csv,25240401,96877,0,19.0,3000.0,525.0,0
1t_kv/2022/4kv/4kv2022.csv,251401,212092,0,0.1,14685.0,15.0,0
1t_kv/2022/4kv/4kv2022.csv,25140103,116761,0,0.1,25164.2,15.0,0
1t_kv/2022/4kv/4kv2022.csv,251403,113251,0,0.1,25164.2,14.0,0
1t_kv/2022/4kv/4kv2022.csv,251404,116061,0,0.1,14685.0,14.0,0
1t_kv/2022/4kv/4kv2022.csv,251408,12539,0,0.4,2606.0,4.0,0
1t_kv/2022/4kv/4kv2022.csv,251409,7043,0,0.4,6269.0,4.0,0
1t_kv/2022/4kv/4kv2022.csv,251411,6935,0,0.3,2809.0,4.0,0
1t_kv/2022/4kv/4kv2022.csv,251412,327,0,0.5,4934.0,3.0,0
1t_kv/2022/4kv/4kv2022.csv,251414,190394,0,0.1,14685.0,19.0,0
1t_kv/2022/4kv/4kv2022.csv,25141403,99316,0,0.1,25164.2,21.0,0
1t_kv/2022/4kv/4kv2022.csv,251423,941,0,0.5,975.0,4.0,0
1t_kv/2022/4kv/4kv2022.csv,252101,97756,0,833.0,10969333.0,187367.0,0
1t_kv/2022/4kv/4kv2022.csv,25210101,98612,0,833.0,10969333.0,188388.0,0
1t_kv/2022/4kv/4kv2022.csv,252203,97137,0,10.0,58309879.7,25017.0,0
1t_kv/2022/4kv/4kv2022.csv,25220305,97713,0,10.0,58309879.7,27066.0,0
1t_kv/2022/4kv/4kv2022.csv,252301,54493,0,0.1,6269.0,4.0,0
1t_kv/2022/4kv/4kv2022.csv,252302,111015,0,0.1,6269.0,5.0,0
1t_kv/2022/4kv/4kv2022.csv,252305,3051,0,0.5,6269.0,4.0,0
1t_kv/2022/4kv/4kv2022.csv,252404,97548,0,0.1,25164.2,21.0,0
1t_kv/2022/4kv/4kv2022.csv,25240401,98024,0,33.0,3329.0,550.0,0
1t_kv/2023/1kv/1kv2023.csv,251401,184622,0,0.1,2876767.0,20.0,0
1t_kv/2023/1kv/1kv2023.csv,25140103,98095,0,0.1,919317.1,21.0,0
1t_kv/2023/1kv/1kv2023.csv,251403,96557,0,0.1,769998.0,22.0,0
1t_kv/2023/1kv/1kv2023.csv,251404,97687,0,0.1,1577926.0,22.0,0
1t_kv/2023/1kv/1kv2023.csv,251408,11268,0,0.4,919.0,4.0,0
1t_kv/2023/1kv/1kv2023.csv,251409,6845,0,0.4,755.0,4.0,0
1t_kv/2023/1kv/1kv2023.csv,251411,6448,0,0.4,2393.0,3.0,0
1t_kv/2023/1kv/1kv2023.csv,251412,369,0,1.0,293910.0,32.0,0
1t_kv/2023/1kv/1kv2023.csv,251414,169331,0,0.1,773522.0,23.0,0
1t_kv/2023/1kv/1kv2023.csv,25141403,87282,0,0.1,1097307.0,28.0,0
1t_kv/2023/1kv/1kv2023.csv,251423,775,0,1.0,300.0,4.0,0
1t_kv/2023/1kv/1kv2023.csv,252101,87975,0,7667.0,5049642.0,218516.0,0
1t_kv/2023/1kv/1kv2023.csv,25210101,88011,0,7667.0,5049642.0,218111.0,0
1t_kv/2023/1kv/1kv2023.csv,252203,87246,0,23.0,21203561.9,17723.3,0
1t_kv/2023/1kv/1kv2023.csv,25220305,87045,0,23.0,21203561.9,18254.1,0
1t_kv/2023/1kv/1kv2023.csv,252301,42368,0,0.2,2393.0,3.0,0
1t_kv/2023/1kv/1kv2023.csv,252302,86899,0,0.3,2393.0,3.0,0
1t_kv/2023/1kv/1kv2023.csv,252305,2961,0,1.0,753.0,4.0,0
1t_kv/2023/1kv/1kv2023.csv,252404,87220,0,0.1,1549655.0,14.1,0
1t_kv/2023/1kv/1kv2023.csv,25240401,87069,0,77.0,822.0,464.0,0
1t_kv/2023/2kv/2kv2023.csv,251401,184732,0,0.1,185217.0,19.0,0
1t_kv/2023/2kv/2kv2023.csv,25140103,98214,0,0.1,321656.0,20.0,0
1t_kv/2023/2kv/2kv2023.csv,251403,99140,0,0.1,329139.0,20.0,0
1t_kv/2023/2kv/2kv2023.csv,251404,98501,0,0.1,358525.0,19.0,0
1t_kv/2023/2kv/2kv2023.csv,251408,11656,0,0.4,906.0,3.0,0
1t_kv/2023/2kv/2kv2023.csv,251409,6659,0,0.5,600.0,3.0,0
1t_kv/2023/2kv/2kv2023.csv,251411,5901,0,0.4,906.0,3.0,0
1t_kv/2023/2kv/2kv2023.csv,251412,336,0,0.8,1527.0,3.0,0
1t_kv/2023/2kv/2kv2023.csv,251414,171608,0,0.1,1068314.0,21.0,0
1t_kv/2023/2kv/2kv2023.csv,25141403,88216,0,0.1,246577.0,26.0,0
1t_kv/2023/2kv/2kv2023.csv,251423,878,0,0.4,571.0,4.0,0
1t_kv/2023/2kv/2kv2023.csv,252101,88151,0,167.0,12854774.0,227487.0,0
1t_kv/2023/2kv/2kv2023.csv,25210101,87635,0,167.0,12854774.0,225570.0,0
1t_kv/2023/2kv/2kv2023.csv,252203,89175,0,34.4,72883960.7,24069.9,0
1t_kv/2023/2kv/2kv2023.csv,25220305,88123,0,34.4,72883960.7,25454.2,0
1t_kv/2023/2kv/2kv2023.csv,252301,43394,0,0.1,2020.0,4.0,0
1t_kv/2023/2kv/2kv2023.csv,252302,96336,0,0.1,10542.0,4.0,0
1t_kv/2023/2kv/2kv2023.csv,252305,2779,0,0.3,690.0,5.0,0
1t_kv/2023/2kv/2kv2023.csv,252404,88481,0,0.1,490454.0,22.0,0
1t_kv/2023/2kv/2kv2023.csv,25240401,88334,0,50.0,2667.0,533.0,0
1t_kv/2023/3kv/3kv2023.csv,251401,186463,0,0.1,1621487.1,18.0,0
1t_kv/2023/3kv/3kv2023.csv,25140103,99993,0,0.1,897514.0,19.0,0
1t_kv/2023/3kv/3kv2023.csv,251403,97682,0,0.1,462111.0,19.0,0
1t_kv/2023/3kv/3kv2023.csv,251404,100713,0,0.1,816063.0,19.0,0
1t_kv/2023/3kv/3kv2023.csv,251408,12102,0,0.4,3078.0,4.0,0
1t_kv/2023/3kv/3kv2023.csv,251409,7286,0,0.3,2516.0,4.0,0
1t_kv/2023/3kv/3kv2023.csv,251411,6322,0,0.8,2516.0,4.0,0
1t_kv/2023/3kv/3kv2023.csv,251412,411,0,1.0,718073.0,25.0,0
1t_kv/2023/3kv/3kv2023.csv,251414,173810,0,0.1,1486390.9,21.0,0
1t_kv/2023/3kv/3kv2023.csv,25141403,89253,0,0.1,1007926.0,25.0,0
1t_kv/2023/3kv/3kv2023.csv,251423,975,0,1.0,717.0,4.0,0
1t_kv/2023/3kv/3kv2023.csv,252101,89165,0,7778.0,9927751.0,218480.0,0
1t_kv/2023/3kv/3kv2023.csv,25210101,88797,0,7778.0,9927751.0,218285.0,0
1t_kv/2023/3kv/3kv2023.csv,252203,88744,0,52.5,36260757.3,28801.0,0
1t_kv/2023/3kv/3kv2023.csv,25220305,88936,0,52.5,36260757.3,30742.05,0
1t_kv/2023/3kv/3kv2023.csv,252301,49706,0,0.2,7646.0,5.0,0
1t_kv/2023/3kv/3kv2023.csv,252302,107097,0,0.1,275525.0,5.0,0
1t_kv/2023/3kv/3kv2023.csv,252305,2529,0,0.5,912.0,5.0,0
1t_kv/2023/3kv/3kv2023.csv,252404,88973,0,0.1,2517174.4,24.0,0
1t_kv/2023/3kv/3kv2023.csv,25240401,89638,0,86.0,3000.0,528.0,0
1t_kv/2023/4kv/4kv2023.csv,251401,186602,0,0.1,753293.0,22.0,0
1t_kv/2023/4kv/4kv2023.csv,25140103,100981,0,0.1,404596.0,20.0,0
1t_kv/2023/4kv/4kv2023.csv,251403,98074,0,0.1,584991.0,20.0,0
1t_kv/2023/4kv/4kv2023.csv,251404,99095,0,0.1,632362.0,20.0,0
1t_kv/2023/4kv/4kv2023.csv,251408,12142,0,0.3,1533.0,4.0,0
1t_kv/2023/4kv/4kv2023.csv,251409,7777,0,0.4,1533.0,4.0,0
1t_kv/2023/4kv/4kv2023.csv,251411,6348,0,1.0,1533.0,4.0,0
1t_kv/2023/4kv/4kv2023.csv,251412,294,0,1.0,1776817.0,6.5,0
1t_kv/2023/4kv/4kv2023.csv,251414,172765,0,0.1,664322.0,24.0,0
1t_kv/2023/4kv/4kv2023.csv,25141403,88920,0,0.1,480751.0,25.0,0
1t_kv/2023/4kv/4kv2023.csv,251423,921,0,1.0,470.0,4.0,0
1t_kv/2023/4kv/4kv2023.csv,252101,88495,0,83.0,7930083.0,232625.0,0
1t_kv/2023/4kv/4kv2023.csv,25210101,88503,0,83.0,7930083.0,232697.0,0
1t_kv/2023/4kv/4kv2023.csv,252203,88716,0,12.1,103886191.0,37268.3,0
1t_kv/2023/4kv/4kv2023.csv,25220305,88855,0,1.0,103886191.0,40659.9,0
1t_kv/2023/4kv/4kv2023.csv,252301,51108,0,0.2,420469.0,5.0,0
1t_kv/2023/4kv/4kv2023.csv,252302,106480,0,0.1,424738.0,5.0,0
1t_kv/2023/4kv/4kv2023.csv,252305,2881,0,0.8,2270.0,6.0,0
1t_kv/2023/4kv/4kv2023.csv,252404,89420,0,0.1,399211.0,26.0,0
1t_kv/2023/4kv/4kv2023.csv,25240401,87943,0,39.0,4160.0,546.0,0
1t_kv/2024/1kv/1t_kv_03_2024.csv,251401,188783,0,0.1,3830272.6,18.0,0
1t_kv/2024/1kv/1t_kv_03_2024.csv,25140103,102323,0,0.1,2041487.0,19.0,0
1t_kv/2024/1kv/1t_kv_03_2024.csv,251403,100896,0,0.1,10867233.0,20.0,0
1t_kv/2024/1kv/1t_kv_03_2024.csv,251404,101390,0,0.1,1709837.0,20.0,0
1t_kv/2024/1kv/1t_kv_03_2024.csv,251408,13003,0,0.1,3559.0,3.0,0
1t_kv/2024/1kv/1t_kv_03_2024.csv,251409,7241,0,0.4,3559.0,4.0,0
1t_kv/2024/1kv/1t_kv_03_2024.csv,251411,6310,0,1.0,3559.0,3.0,0
1t_kv/2024/1kv/1t_kv_03_2024.csv,251412,296,0,0.9,204078.0,4.0,0
1t_kv/2024/1kv/1t_kv_03_2024.csv,251414,173629,0,0.1,6228872.2,23.0,0
1t_kv/2024/1kv/1t_kv_03_2024.csv,25141403,89255,0,0.1,1794886.3,26.0,0
1t_kv/2024/1kv/1t_kv_03_2024.csv,251423,1237,0,1.0,1046.0,4.0,0
1t_kv/2024/1kv/1t_kv_03_2024.csv,252101,88811,0,3333.0,12611928.0,246939.0,0
1t_kv/2024/1kv/1t_kv_03_2024.csv,25210101,89970,0,3333.0,12611928.0,246868.0,0
1t_kv/2024/1kv/1t_kv_03_2024.csv,252203,89101,0,10.0,44453622.6,19758.0,0
1t_kv/2024/1kv/1t_kv_03_2024.csv,25220305,88746,0,10.0,44453622.6,21000.0,0
1t_kv/2024/1kv/1t_kv_03_2024.csv,252301,42969,0,0.1,1046.0,3.0,0
1t_kv/2024/1kv/1t_kv_03_2024.csv,252302,89835,0,0.1,3559.0,3.0,0
1t_kv/2024/1kv/1t_kv_03_2024.csv,252305,3127,0,1.0,3559.0,3.0,0
1t_kv/2024/1kv/1t_kv_03_2024.csv,252404,89167,0,0.1,1382882.5,16.0,0
1t_kv/2024/1kv/1t_kv_03_2024.csv,25240401,89994,0,4.0,1000.0,467.0,0
1t_kv/2024/2kv/1t_kv_06_2024.csv,251401,190575,0,0.1,429700.0,20.0,0
1t_kv/2024/2kv/1t_kv_06_2024.csv,25140103,102825,0,0.1,421378.0,19.0,0
1t_kv/2024/2kv/1t_kv_06_2024.csv,251403,101014,0,0.1,313333.0,19.0,0
1t_kv/2024/2kv/1t_kv_06_2024.csv,251404,101840,0,0.1,665544.0,18.0,0
1t_kv/2024/2kv/1t_kv_06_2024.csv,251408,12912,0,0.4,6599.0,3.0,0
1t_kv/2024/2kv/1t_kv_06_2024.csv,251409,7361,0,0.4,2355.0,3.0,0
1t_kv/2024/2kv/1t_kv_06_2024.csv,251411,6420,0,0.3,706.0,3.0,0
1t_kv/2024/2kv/1t_kv_06_2024.csv,251412,538,0,0.4,6008.0,20.0,0
1t_kv/2024/2kv/1t_kv_06_2024.csv,251414,176272,0,0.1,441936.0,23.0,0
1t_kv/2024/2kv/1t_kv_06_2024.csv,25141403,89071,0,0.1,628105.0,24.0,0
1t_kv/2024/2kv/1t_kv_06_2024.csv,251423,1234,0,1.0,579.0,3.0,0
1t_kv/2024/2kv/1t_kv_06_2024.csv,252101,90420,0,167.0,25392293.0,254710.0,0
1t_kv/2024/2kv/1t_kv_06_2024.csv,25210101,90056,0,167.0,25392293.0,255455.0,0
1t_kv/2024/2kv/1t_kv_06_2024.csv,252203,90538,0,1.0,38724174.4,28505.5,0
1t_kv/2024/2kv/1t_kv_06_2024.csv,25220305,90371,0,1.0,38724174.4,31184.0,0
1t_kv/2024/2kv/1t_kv_06_2024.csv,252301,46627,0,0.2,6599.0,4.0,0
1t_kv/2024/2kv/1t_kv_06_2024.csv,252302,102945,0,0.1,6599.0,4.0,0
1t_kv/2024/2kv/1t_kv_06_2024.csv,252305,3005,0,0.1,1662.0,5.0,0
1t_kv/2024/2kv/1t_kv_06_2024.csv,252404,91279,0,0.1,340000.0,23.0,0
1t_kv/2024/2kv/1t_kv_06_2024.csv,25240401,90312,0,50.0,2571.0,541.0,0
1t_kv/2024/3kv/1t_kv_09_2024.csv,251401,190603,0,0.1,26354916.3,20.0,0
1t_kv/2024/3kv/1t_kv_09_2024.csv,25140103,102803,0,0.1,1190337.8,19.0,0
1t_kv/2024/3kv/1t_kv_09_2024.csv,251403,98587,0,0.1,1751117.8,19.0,0
1t_kv/2024/3kv/1t_kv_09_2024.csv,251404,102995,0,0.1,516842.7,18.0,0
1t_kv/2024/3kv/1t_kv_09_2024.csv,251408,13746,0,0.2,945.0,4.0,0
1t_kv/2024/3kv/1t_kv_09_2024.csv,251409,7191,0,1.0,900.0,4.0,0
1t_kv/2024/3kv/1t_kv_09_2024.csv,251411,6515,0,0.5,1115.0,4.0,0
1t_kv/2024/3kv/1t_kv_09_2024.csv,251412,403,0,0.2,3207.0,14.0,0
1t_kv/2024/3kv/1t_kv_09_2024.csv,251414,177826,0,0.1,1217547.4,24.0,0
1t_kv/2024/3kv/1t_kv_09_2024.csv,25141403,92003,0,0.1,786822.7,23.0,0
1t_kv/2024/3kv/1t_kv_09_2024.csv,251423,1259,0,1.0,348.0,3.0,0
1t_kv/2024/3kv/1t_kv_09_2024.csv,252101,91391,0,3333.0,20844485.0,241716.0,0
1t_kv/2024/3kv/1t_kv_09_2024.csv,25210101,90292,0,3333.0,20844485.0,240844.0,0
1t_kv/2024/3kv/1t_kv_09_2024.csv,252203,91684,0,30.0,31923146.5,30120.0,0
1t_kv/2024/3kv/1t_kv_09_2024.csv,25220305,91736,0,30.0,31923146.5,35568.0,0
1t_kv/2024/3kv/1t_kv_09_2024.csv,252301,51856,0,0.1,7822.0,4.0,0
1t_kv/2024/3kv/1t_kv_09_2024.csv,252302,109597,0,0.1,7822.0,5.0,0
1t_kv/2024/3kv/1t_kv_09_2024.csv,252305,2843,0,1.0,7457.0,5.0,0
1t_kv/2024/3kv/1t_kv_09_2024.csv,252404,91351,0,0.1,483523.0,24.0,0
1t_kv/2024/3kv/1t_kv_09_2024.csv,25240401,91665,0,100.0,2300.0,528.0,0
1t_kv/2024/4kv/1t_kv_12_2024.csv,251401,191855,0,0.1,5814.0,19.0,0
1t_kv/2024/4kv/1t_kv_12_2024.csv,25140103,104497,0,0.1,8872.0,19.0,0
1t_kv/2024/4kv/1t_kv_12_2024.csv,251403,102904,0,0.1,8872.0,19.0,0
1t_kv/2024/4kv/1t_kv_12_2024.csv,251404,103327,0,0.1,8872.0,18.0,0
1t_kv/2024/4kv/1t_kv_12_2024.csv,251408,13432,0,0.1,1952.0,4.0,0
1t_kv/2024/4kv/1t_kv_12_2024.csv,251409,7541,0,0.5,1952.0,4.0,0
1t_kv/2024/4kv/1t_kv_12_2024.csv,251411,6441,0,0.4,911.0,4.0,0
1t_kv/2024/4kv/1t_kv_12_2024.csv,251412,234,0,1.0,461.0,2.0,0
1t_kv/2024/4kv/1t_kv_12_2024.csv,251414,179053,0,0.1,5814.0,23.0,0
1t_kv/2024/4kv/1t_kv_12_2024.csv,25141403,91972,0,0.1,8872.0,24.0,0
1t_kv/2024/4kv/1t_kv_12_2024.csv,251423,1265,0,0.5,436.0,4.0,0
1t_kv/2024/4kv/1t_kv_12_2024.csv,252101,91092,0,333.0,22840267.0,253043.0,0
1t_kv/2024/4kv/1t_kv_12_2024.csv,25210101,91786,0,333.0,22840267.0,252500.0,0
1t_kv/2024/4kv/1t_kv_12_2024.csv,252203,91607,0,1.0,154038536.0,37665.6,0
1t_kv/2024/4kv/1t_kv_12_2024.csv,25220305,91922,0,1.0,154038536.0,43590.6,0
1t_kv/2024/4kv/1t_kv_12_2024.csv,252301,51626,0,0.1,4921.0,4.0,0
1t_kv/2024/4kv/1t_kv_12_2024.csv,252302,110054,0,0.1,4921.0,5.0,0
1t_kv/2024/4kv/1t_kv_12_2024.csv,252305,2525,0,1.0,2188.0,6.0,0
1t_kv/2024/4kv/1t_kv_12_2024.csv,252404,91146,0,0.1,8872.0,24.0,0
1t_kv/2024/4kv/1t_kv_12_2024.csv,25240401,91590,0,100.0,2949.0,586.0,0
2t/2021/2_t_oplata_truda_2021.csv,251414,33504,0,1.0,5518.0,18.0,0
2t/2021/2_t_oplata_truda_2021.csv,252101,616456,0,100.0,11354000.0,141300.0,0
2t/2021/2_t_oplata_truda_2021.csv,25220313,618056,0,0.1,249000.0,145.0,0
2t/2021/2_t_oplata_truda_2021.csv,25240401,616098,0,0.1,207100.0,176.0,0
2t/2022/2_t_oplata_truda_2022.csv,251414,30016,0,1.0,10403.0,20.0,0
2t/2022/2_t_oplata_truda_2022.csv,252101,558784,0,2800.0,12300000.0,178500.0,0
2t/2022/2_t_oplata_truda_2022.csv,25220313,558421,0,1.8,18792.0,168.0,0
2t/2022/2_t_oplata_truda_2022.csv,25240401,561142,0,1.8,6396.0,168.0,0
2t/2023/2_t_oplata_truda_2023.csv,251414,32293,0,1.0,6991.0,16.0,0
2t/2023/2_t_oplata_truda_2023.csv,252101,568345,0,2800.0,19449100.0,210000.0,0
2t/2023/2_t_oplata_truda_2023.csv,25220313,574031,0,1.0,7477200.0,209.7,0
2t/2023/2_t_oplata_truda_2023.csv,25240401,573458,0,6.0,360.0,160.0,0
2t/2024/sr_2t_ot_god_04_2024_parol_2025.csv,251414,35382,0,1.0,4509.0,19.0,0
2t/2024/sr_2t_ot_god_04_2024_parol_2025.csv,252101,643486,0,1500.0,17800000.0,236200.0,0
2t/2024/sr_2t_ot_god_04_2024_parol_2025.csv,25220313,652600,0,2.0,17800.0,231.6,0
2t/2024/sr_2t_ot_god_04_2024_parol_2025.csv,25240401,656742,0,0.4,914.0,176.0,0
