path,rows,unmatched_household_rows,TE_mismatch,K_mismatch,unmatched_person_rows,POL_mismatch,VOZ_outside_birth_year_age_or_age_minus_1
d002/2021/ocenka.csv,11953,0,0,0,0,0,
d002/2021/subject.csv,11953,0,0,0,0,0,
d002/2022/ocenka.csv,11934,0,0,0,0,0,0
d002/2022/subject.csv,11934,0,0,0,0,0,0
d002/2023/ocenka.csv,11953,0,0,0,0,0,0
d002/2023/subject.csv,11953,0,0,0,0,0,0
d002/2024/ocenka.csv,11931,0,0,0,0,0,0
d002/2024/subject.csv,11931,0,0,0,0,0,0
d004/2021/1kv/kv_vopr0.csv,12000,0,0,0,,,
d004/2021/1kv/kv_vopr1.csv,268143,0,0,0,,,
d004/2021/1kv/kv_vopr10.csv,7653,0,0,0,,,
d004/2021/1kv/kv_vopr11.csv,24680,0,0,0,0,0,
d004/2021/1kv/kv_vopr12.csv,5601,0,0,0,,,
d004/2021/1kv/kv_vopr2.csv,63983,0,0,0,,,
d004/2021/1kv/kv_vopr3.csv,26787,0,0,0,,,
d004/2021/1kv/kv_vopr4.csv,1737,0,0,0,,,
d004/2021/1kv/kv_vopr5.csv,5270,0,0,0,,,
d004/2021/1kv/kv_vopr6.csv,36743,0,0,0,,,
d004/2021/1kv/kv_vopr7.csv,14330,0,0,0,,,
d004/2021/1kv/kv_vopr9.csv,51716,0,0,0,,,
d004/2021/2kv/kv_vopr0.csv,12000,0,0,0,,,
d004/2021/2kv/kv_vopr1.csv,274850,0,0,0,,,
d004/2021/2kv/kv_vopr10.csv,9732,0,0,0,,,
d004/2021/2kv/kv_vopr11.csv,25109,0,0,0,0,0,
d004/2021/2kv/kv_vopr12.csv,4972,0,0,0,,,
d004/2021/2kv/kv_vopr2.csv,62989,0,0,0,,,
d004/2021/2kv/kv_vopr3.csv,26496,0,0,0,,,
d004/2021/2kv/kv_vopr4.csv,1595,0,0,0,,,
d004/2021/2kv/kv_vopr5.csv,5032,0,0,0,,,
d004/2021/2kv/kv_vopr6.csv,38414,0,0,0,,,
d004/2021/2kv/kv_vopr7.csv,14451,0,0,0,,,
d004/2021/2kv/kv_vopr9.csv,61093,0,0,0,,,
d004/2021/3kv/kv_vopr0.csv,12000,0,0,0,,,
d004/2021/3kv/kv_vopr1.csv,291409,0,0,0,,,
d004/2021/3kv/kv_vopr10.csv,16047,0,0,0,,,
d004/2021/3kv/kv_vopr11.csv,24735,0,0,0,0,0,
d004/2021/3kv/kv_vopr12.csv,5193,0,0,0,,,
d004/2021/3kv/kv_vopr2.csv,59264,0,0,0,,,
d004/2021/3kv/kv_vopr3.csv,26224,0,0,0,,,
d004/2021/3kv/kv_vopr4.csv,1651,0,0,0,,,
d004/2021/3kv/kv_vopr5.csv,5062,0,0,0,,,
d004/2021/3kv/kv_vopr6.csv,41746,0,0,0,,,
d004/2021/3kv/kv_vopr7.csv,14734,0,0,0,,,
d004/2021/3kv/kv_vopr9.csv,69775,0,0,0,,,
d004/2021/4kv/kv_vopr0.csv,12000,0,0,0,,,
d004/2021/4kv/kv_vopr1.csv,258042,0,0,0,,,
d004/2021/4kv/kv_vopr10.csv,8677,0,0,0,,,
d004/2021/4kv/kv_vopr11.csv,24558,0,0,0,0,0,
d004/2021/4kv/kv_vopr12.csv,4633,0,0,0,,,
d004/2021/4kv/kv_vopr2.csv,64216,0,0,0,,,
d004/2021/4kv/kv_vopr3.csv,26251,0,0,0,,,
d004/2021/4kv/kv_vopr4.csv,1897,0,0,0,,,
d004/2021/4kv/kv_vopr5.csv,4577,0,0,0,,,
d004/2021/4kv/kv_vopr6.csv,37212,0,0,0,,,
d004/2021/4kv/kv_vopr7.csv,14110,0,0,0,,,
d004/2021/4kv/kv_vopr9.csv,53301,0,0,0,,,
d004/2022/1kv/kv_vopr0.csv,12000,0,0,0,,,
d004/2022/1kv/kv_vopr1.csv,270907,0,0,0,,,
d004/2022/1kv/kv_vopr10.csv,7956,0,0,0,,,
d004/2022/1kv/kv_vopr11.csv,24874,0,0,0,0,0,0
d004/2022/1kv/kv_vopr12.csv,5692,0,0,0,,,
d004/2022/1kv/kv_vopr2.csv,63392,0,0,0,,,
d004/2022/1kv/kv_vopr3.csv,27068,0,0,0,,,
d004/2022/1kv/kv_vopr4.csv,2583,0,0,0,,,
d004/2022/1kv/kv_vopr5.csv,4361,0,0,0,,,
d004/2022/1kv/kv_vopr6.csv,39345,0,0,0,,,
d004/2022/1kv/kv_vopr7.csv,15010,0,0,0,,,
d004/2022/1kv/kv_vopr9.csv,52913,0,0,0,,,
d004/2022/2kv/kv_vopr0.csv,12000,0,0,0,,,
d004/2022/2kv/kv_vopr1.csv,274264,0,0,0,,,
d004/2022/2kv/kv_vopr10.csv,9821,0,0,0,,,
d004/2022/2kv/kv_vopr11.csv,25130,0,0,0,0,0,0
d004/2022/2kv/kv_vopr12.csv,5243,0,0,0,,,
d004/2022/2kv/kv_vopr2.csv,61482,0,0,0,,,
d004/2022/2kv/kv_vopr3.csv,27272,0,0,0,,,
d004/2022/2kv/kv_vopr4.csv,2190,0,0,0,,,
d004/2022/2kv/kv_vopr5.csv,5146,0,0,0,,,
d004/2022/2kv/kv_vopr6.csv,40721,0,0,0,,,
d004/2022/2kv/kv_vopr7.csv,15382,0,0,0,,,
d004/2022/2kv/kv_vopr9.csv,60299,0,0,0,,,
d004/2022/3kv/kv_vopr0.csv,12000,0,0,0,,,
d004/2022/3kv/kv_vopr1.csv,297560,0,0,0,,,
d004/2022/3kv/kv_vopr10.csv,15783,0,0,0,,,
d004/2022/3kv/kv_vopr11.csv,25088,0,0,0,0,0,0
d004/2022/3kv/kv_vopr12.csv,6366,0,0,0,,,
d004/2022/3kv/kv_vopr2.csv,58844,0,0,0,,,
d004/2022/3kv/kv_vopr3.csv,26662,0,0,0,,,
d004/2022/3kv/kv_vopr4.csv,2163,0,0,0,,,
d004/2022/3kv/kv_vopr5.csv,4693,0,0,0,,,
d004/2022/3kv/kv_vopr6.csv,46226,0,0,0,,,
d004/2022/3kv/kv_vopr7.csv,15607,0,0,0,,,
d004/2022/3kv/kv_vopr9.csv,70719,0,0,0,,,
d004/2022/4kv/kv_vopr0.csv,12000,0,0,0,,,
d004/2022/4kv/kv_vopr1.csv,262008,0,0,0,,,
d004/2022/4kv/kv_vopr10.csv,8501,0,0,0,,,
d004/2022/4kv/kv_vopr11.csv,25045,0,0,0,0,0,0
d004/2022/4kv/kv_vopr12.csv,4937,0,0,0,,,
d004/2022/4kv/kv_vopr2.csv,63636,0,0,0,,,
d004/2022/4kv/kv_vopr3.csv,26760,0,0,0,,,
d004/2022/4kv/kv_vopr4.csv,2369,0,0,0,,,
d004/2022/4kv/kv_vopr5.csv,4350,0,0,0,,,
d004/2022/4kv/kv_vopr6.csv,40246,0,0,0,,,
d004/2022/4kv/kv_vopr7.csv,15263,0,0,0,,,
d004/2022/4kv/kv_vopr9.csv,52967,0,0,0,,,
d004/2023/1kv/kv_vopr0.csv,12000,0,0,0,,,
d004/2023/1kv/kv_vopr1.csv,267827,0,0,0,,,
d004/2023/1kv/kv_vopr10.csv,7556,0,0,0,,,
d004/2023/1kv/kv_vopr11.csv,24831,0,0,0,0,0,0
d004/2023/1kv/kv_vopr12.csv,6063,0,0,0,,,
d004/2023/1kv/kv_vopr2.csv,64324,0,0,0,,,
d004/2023/1kv/kv_vopr3.csv,27403,0,0,0,,,
d004/2023/1kv/kv_vopr4.csv,3018,0,0,0,,,
d004/2023/1kv/kv_vopr5.csv,4398,0,0,0,,,
d004/2023/1kv/kv_vopr6.csv,42121,0,0,0,,,
d004/2023/1kv/kv_vopr7.csv,15573,0,0,0,,,
d004/2023/1kv/kv_vopr9.csv,50314,0,0,0,,,
d004/2023/2kv/kv_vopr0.csv,12000,0,0,0,,,
d004/2023/2kv/kv_vopr1.csv,267699,0,0,0,,,
d004/2023/2kv/kv_vopr10.csv,9407,0,0,0,,,
d004/2023/2kv/kv_vopr11.csv,25011,0,0,0,0,0,0
d004/2023/2kv/kv_vopr12.csv,5962,0,0,0,,,
d004/2023/2kv/kv_vopr2.csv,62744,0,0,0,,,
d004/2023/2kv/kv_vopr3.csv,26927,0,0,0,,,
d004/2023/2kv/kv_vopr4.csv,2611,0,0,0,,,
d004/2023/2kv/kv_vopr5.csv,4554,0,0,0,,,
d004/2023/2kv/kv_vopr6.csv,42588,0,0,0,,,
d004/2023/2kv/kv_vopr7.csv,15848,0,0,0,,,
d004/2023/2kv/kv_vopr9.csv,56560,0,0,0,,,
d004/2023/3kv/kv_vopr0.csv,12000,0,0,0,,,
d004/2023/3kv/kv_vopr1.csv,298072,0,0,0,,,
d004/2023/3kv/kv_vopr10.csv,16094,0,0,0,,,
d004/2023/3kv/kv_vopr11.csv,24835,0,0,0,0,0,0
d004/2023/3kv/kv_vopr12.csv,5893,0,0,0,,,
d004/2023/3kv/kv_vopr2.csv,58679,0,0,0,,,
d004/2023/3kv/kv_vopr3.csv,26506,0,0,0,,,
d004/2023/3kv/kv_vopr4.csv,2540,0,0,0,,,
d004/2023/3kv/kv_vopr5.csv,4792,0,0,0,,,
d004/2023/3kv/kv_vopr6.csv,48622,0,0,0,,,
d004/2023/3kv/kv_vopr7.csv,16583,0,0,0,,,
d004/2023/3kv/kv_vopr9.csv,66075,0,0,0,,,
d004/2023/4kv/kv_vopr0.csv,12000,0,0,0,,,
d004/2023/4kv/kv_vopr1.csv,265988,0,0,0,,,
d004/2023/4kv/kv_vopr10.csv,9078,0,0,0,,,
d004/2023/4kv/kv_vopr11.csv,24752,0,0,0,0,0,0
d004/2023/4kv/kv_vopr12.csv,5657,0,0,0,,,
d004/2023/4kv/kv_vopr2.csv,63803,0,0,0,,,
d004/2023/4kv/kv_vopr3.csv,26110,0,0,0,,,
d004/2023/4kv/kv_vopr4.csv,2585,0,0,0,,,
d004/2023/4kv/kv_vopr5.csv,4325,0,0,0,,,
d004/2023/4kv/kv_vopr6.csv,42837,0,0,0,,,
d004/2023/4kv/kv_vopr7.csv,16154,0,0,0,,,
d004/2023/4kv/kv_vopr9.csv,51249,0,0,0,,,
d004/2024/1kv/kv_vopr0.csv,12000,0,0,0,,,
d004/2024/1kv/kv_vopr1.csv,269130,0,0,0,,,
d004/2024/1kv/kv_vopr10.csv,8107,0,0,0,,,
d004/2024/1kv/kv_vopr11.csv,24535,0,0,0,0,0,0
d004/2024/1kv/kv_vopr12.csv,6882,0,0,0,,,
d004/2024/1kv/kv_vopr2.csv,65466,0,0,0,,,
d004/2024/1kv/kv_vopr3.csv,26191,0,0,0,,,
d004/2024/1kv/kv_vopr4.csv,2843,0,0,0,,,
d004/2024/1kv/kv_vopr5.csv,4511,0,0,0,,,
d004/2024/1kv/kv_vopr6.csv,44054,0,0,0,,,
d004/2024/1kv/kv_vopr7.csv,16355,0,0,0,,,
d004/2024/1kv/kv_vopr9.csv,50165,0,0,0,,,
d004/2024/2kv/kv_vopr0.csv,12000,0,0,0,,,
d004/2024/2kv/kv_vopr1.csv,267326,0,0,0,,,
d004/2024/2kv/kv_vopr10.csv,9634,0,0,0,,,
d004/2024/2kv/kv_vopr11.csv,24513,0,0,0,0,0,0
d004/2024/2kv/kv_vopr12.csv,6330,0,0,0,,,
d004/2024/2kv/kv_vopr2.csv,62559,0,0,0,,,
d004/2024/2kv/kv_vopr3.csv,25476,0,0,0,,,
d004/2024/2kv/kv_vopr4.csv,2490,0,0,0,,,
d004/2024/2kv/kv_vopr5.csv,4673,0,0,0,,,
d004/2024/2kv/kv_vopr6.csv,44266,0,0,0,,,
d004/2024/2kv/kv_vopr7.csv,16645,0,0,0,,,
d004/2024/2kv/kv_vopr9.csv,56682,0,0,0,,,
d004/2024/3kv/kv_vopr0.csv,12000,0,0,0,,,
d004/2024/3kv/kv_vopr1.csv,294179,0,0,0,,,
d004/2024/3kv/kv_vopr10.csv,14444,0,0,0,,,
d004/2024/3kv/kv_vopr11.csv,24387,0,0,0,0,0,0
d004/2024/3kv/kv_vopr12.csv,6131,0,0,0,,,
d004/2024/3kv/kv_vopr2.csv,58974,0,0,0,,,
d004/2024/3kv/kv_vopr3.csv,25350,0,0,0,,,
d004/2024/3kv/kv_vopr4.csv,2261,0,0,0,,,
d004/2024/3kv/kv_vopr5.csv,4295,0,0,0,,,
d004/2024/3kv/kv_vopr6.csv,46988,0,0,0,,,
d004/2024/3kv/kv_vopr7.csv,16576,0,0,0,,,
d004/2024/3kv/kv_vopr9.csv,64524,0,0,0,,,
d004/2024/4kv/kv_vopr0.csv,12000,0,0,0,,,
d004/2024/4kv/kv_vopr1.csv,264416,0,0,0,,,
d004/2024/4kv/kv_vopr10.csv,8303,0,0,0,,,
d004/2024/4kv/kv_vopr11.csv,24427,0,0,0,0,0,0
d004/2024/4kv/kv_vopr12.csv,5611,0,0,0,,,
d004/2024/4kv/kv_vopr2.csv,64421,0,0,0,,,
d004/2024/4kv/kv_vopr3.csv,24647,0,0,0,,,
d004/2024/4kv/kv_vopr4.csv,2586,0,0,0,,,
d004/2024/4kv/kv_vopr5.csv,4163,0,0,0,,,
d004/2024/4kv/kv_vopr6.csv,43394,0,0,0,,,
d004/2024/4kv/kv_vopr7.csv,16132,0,0,0,,,
d004/2024/4kv/kv_vopr9.csv,49340,0,0,0,,,
d006/2021/rio.csv,11636,0,0,0,,,
d006/2022/rio2022.csv,11744,0,0,0,,,
d006/2023/rio2023.csv,11659,0,0,0,,,
d006/2024/rio_2024.csv,11704,0,0,0,,,
d008/2021/kontr_k.csv,41868,0,0,0,0,0,
d008/2022/kontr_k.csv,42681,0,0,0,0,0,
d008/2023/kontr_k.csv,42689,0,0,0,0,0,
d008/2024/kontr_k.csv,41821,0,0,0,0,0,
