left,right,key,left_distinct,right_distinct,intersection
d008/2021,d008/2022,NOMER,12000,12000,0
d008/2021,d008/2023,NOMER,12000,12000,0
d008/2021,d008/2024,NOMER,12000,12000,0
d008/2022,d008/2023,NOMER,12000,12000,0
d008/2022,d008/2024,NOMER,12000,12000,0
d008/2023,d008/2024,NOMER,12000,12000,0
1t_god/2021/2021_1t_god.csv,1t_god/2022/2022_1t_god.csv,ID,70874,77994,0
1t_god/2021/2021_1t_god.csv,1t_god/2023/2023_1t_god.csv,ID,70874,83754,0
1t_god/2021/2021_1t_god.csv,1t_god/2024/sr_1t_god_12_2024.csv,ID,70874,52289,0
1t_god/2021/2021_1t_god.csv,1t_kv/2021/1kv/1kv2021.csv,ID,70874,55196,0
1t_god/2021/2021_1t_god.csv,1t_kv/2021/2kv/2kv2021.csv,ID,70874,55412,0
1t_god/2021/2021_1t_god.csv,1t_kv/2021/3kv/3kv2021.csv,ID,70874,56128,0
1t_god/2021/2021_1t_god.csv,1t_kv/2021/4kv/4kv2021.csv,ID,70874,56378,0
1t_god/2021/2021_1t_god.csv,1t_kv/2022/1kv/1kv2022.csv,ID,70874,54007,0
1t_god/2021/2021_1t_god.csv,1t_kv/2022/2kv/2kv2022.csv,ID,70874,54881,0
1t_god/2021/2021_1t_god.csv,1t_kv/2022/3kv/3kv2022.csv,ID,70874,55986,0
1t_god/2021/2021_1t_god.csv,1t_kv/2022/4kv/4kv2022.csv,ID,70874,57040,0
1t_god/2021/2021_1t_god.csv,1t_kv/2023/1kv/1kv2023.csv,ID,70874,47024,0
1t_god/2021/2021_1t_god.csv,1t_kv/2023/2kv/2kv2023.csv,ID,70874,47956,0
1t_god/2021/2021_1t_god.csv,1t_kv/2023/3kv/3kv2023.csv,ID,70874,48567,0
1t_god/2021/2021_1t_god.csv,1t_kv/2023/4kv/4kv2023.csv,ID,70874,48775,0
1t_god/2021/2021_1t_god.csv,1t_kv/2024/1kv/1t_kv_03_2024.csv,ID,70874,49424,0
1t_god/2021/2021_1t_god.csv,1t_kv/2024/2kv/1t_kv_06_2024.csv,ID,70874,49495,0
1t_god/2021/2021_1t_god.csv,1t_kv/2024/3kv/1t_kv_09_2024.csv,ID,70874,50237,0
1t_god/2021/2021_1t_god.csv,1t_kv/2024/4kv/1t_kv_12_2024.csv,ID,70874,50784,0
1t_god/2021/2021_1t_god.csv,2t/2021/2_t_oplata_truda_2021.csv,ID,70874,15679,0
1t_god/2021/2021_1t_god.csv,2t/2022/2_t_oplata_truda_2022.csv,ID,70874,14613,0
1t_god/2021/2021_1t_god.csv,2t/2023/2_t_oplata_truda_2023.csv,ID,70874,15820,0
1t_god/2021/2021_1t_god.csv,2t/2024/sr_2t_ot_god_04_2024_parol_2025.csv,ID,70874,17159,0
1t_god/2022/2022_1t_god.csv,1t_god/2023/2023_1t_god.csv,ID,77994,83754,0
1t_god/2022/2022_1t_god.csv,1t_god/2024/sr_1t_god_12_2024.csv,ID,77994,52289,0
1t_god/2022/2022_1t_god.csv,1t_kv/2021/1kv/1kv2021.csv,ID,77994,55196,0
1t_god/2022/2022_1t_god.csv,1t_kv/2021/2kv/2kv2021.csv,ID,77994,55412,0
1t_god/2022/2022_1t_god.csv,1t_kv/2021/3kv/3kv2021.csv,ID,77994,56128,0
1t_god/2022/2022_1t_god.csv,1t_kv/2021/4kv/4kv2021.csv,ID,77994,56378,0
1t_god/2022/2022_1t_god.csv,1t_kv/2022/1kv/1kv2022.csv,ID,77994,54007,0
1t_god/2022/2022_1t_god.csv,1t_kv/2022/2kv/2kv2022.csv,ID,77994,54881,0
1t_god/2022/2022_1t_god.csv,1t_kv/2022/3kv/3kv2022.csv,ID,77994,55986,0
1t_god/2022/2022_1t_god.csv,1t_kv/2022/4kv/4kv2022.csv,ID,77994,57040,0
1t_god/2022/2022_1t_god.csv,1t_kv/2023/1kv/1kv2023.csv,ID,77994,47024,0
1t_god/2022/2022_1t_god.csv,1t_kv/2023/2kv/2kv2023.csv,ID,77994,47956,0
1t_god/2022/2022_1t_god.csv,1t_kv/2023/3kv/3kv2023.csv,ID,77994,48567,0
1t_god/2022/2022_1t_god.csv,1t_kv/2023/4kv/4kv2023.csv,ID,77994,48775,0
1t_god/2022/2022_1t_god.csv,1t_kv/2024/1kv/1t_kv_03_2024.csv,ID,77994,49424,0
1t_god/2022/2022_1t_god.csv,1t_kv/2024/2kv/1t_kv_06_2024.csv,ID,77994,49495,0
1t_god/2022/2022_1t_god.csv,1t_kv/2024/3kv/1t_kv_09_2024.csv,ID,77994,50237,0
1t_god/2022/2022_1t_god.csv,1t_kv/2024/4kv/1t_kv_12_2024.csv,ID,77994,50784,0
1t_god/2022/2022_1t_god.csv,2t/2021/2_t_oplata_truda_2021.csv,ID,77994,15679,0
1t_god/2022/2022_1t_god.csv,2t/2022/2_t_oplata_truda_2022.csv,ID,77994,14613,0
1t_god/2022/2022_1t_god.csv,2t/2023/2_t_oplata_truda_2023.csv,ID,77994,15820,0
1t_god/2022/2022_1t_god.csv,2t/2024/sr_2t_ot_god_04_2024_parol_2025.csv,ID,77994,17159,0
1t_god/2023/2023_1t_god.csv,1t_god/2024/sr_1t_god_12_2024.csv,ID,83754,52289,0
1t_god/2023/2023_1t_god.csv,1t_kv/2021/1kv/1kv2021.csv,ID,83754,55196,0
1t_god/2023/2023_1t_god.csv,1t_kv/2021/2kv/2kv2021.csv,ID,83754,55412,0
1t_god/2023/2023_1t_god.csv,1t_kv/2021/3kv/3kv2021.csv,ID,83754,56128,0
1t_god/2023/2023_1t_god.csv,1t_kv/2021/4kv/4kv2021.csv,ID,83754,56378,0
1t_god/2023/2023_1t_god.csv,1t_kv/2022/1kv/1kv2022.csv,ID,83754,54007,0
1t_god/2023/2023_1t_god.csv,1t_kv/2022/2kv/2kv2022.csv,ID,83754,54881,0
1t_god/2023/2023_1t_god.csv,1t_kv/2022/3kv/3kv2022.csv,ID,83754,55986,0
1t_god/2023/2023_1t_god.csv,1t_kv/2022/4kv/4kv2022.csv,ID,83754,57040,0
1t_god/2023/2023_1t_god.csv,1t_kv/2023/1kv/1kv2023.csv,ID,83754,47024,0
1t_god/2023/2023_1t_god.csv,1t_kv/2023/2kv/2kv2023.csv,ID,83754,47956,0
1t_god/2023/2023_1t_god.csv,1t_kv/2023/3kv/3kv2023.csv,ID,83754,48567,0
1t_god/2023/2023_1t_god.csv,1t_kv/2023/4kv/4kv2023.csv,ID,83754,48775,0
1t_god/2023/2023_1t_god.csv,1t_kv/2024/1kv/1t_kv_03_2024.csv,ID,83754,49424,0
1t_god/2023/2023_1t_god.csv,1t_kv/2024/2kv/1t_kv_06_2024.csv,ID,83754,49495,0
1t_god/2023/2023_1t_god.csv,1t_kv/2024/3kv/1t_kv_09_2024.csv,ID,83754,50237,0
1t_god/2023/2023_1t_god.csv,1t_kv/2024/4kv/1t_kv_12_2024.csv,ID,83754,50784,0
1t_god/2023/2023_1t_god.csv,2t/2021/2_t_oplata_truda_2021.csv,ID,83754,15679,0
1t_god/2023/2023_1t_god.csv,2t/2022/2_t_oplata_truda_2022.csv,ID,83754,14613,0
1t_god/2023/2023_1t_god.csv,2t/2023/2_t_oplata_truda_2023.csv,ID,83754,15820,0
1t_god/2023/2023_1t_god.csv,2t/2024/sr_2t_ot_god_04_2024_parol_2025.csv,ID,83754,17159,0
1t_god/2024/sr_1t_god_12_2024.csv,1t_kv/2021/1kv/1kv2021.csv,ID,52289,55196,0
1t_god/2024/sr_1t_god_12_2024.csv,1t_kv/2021/2kv/2kv2021.csv,ID,52289,55412,0
1t_god/2024/sr_1t_god_12_2024.csv,1t_kv/2021/3kv/3kv2021.csv,ID,52289,56128,0
1t_god/2024/sr_1t_god_12_2024.csv,1t_kv/2021/4kv/4kv2021.csv,ID,52289,56378,0
1t_god/2024/sr_1t_god_12_2024.csv,1t_kv/2022/1kv/1kv2022.csv,ID,52289,54007,0
1t_god/2024/sr_1t_god_12_2024.csv,1t_kv/2022/2kv/2kv2022.csv,ID,52289,54881,0
1t_god/2024/sr_1t_god_12_2024.csv,1t_kv/2022/3kv/3kv2022.csv,ID,52289,55986,0
1t_god/2024/sr_1t_god_12_2024.csv,1t_kv/2022/4kv/4kv2022.csv,ID,52289,57040,0
1t_god/2024/sr_1t_god_12_2024.csv,1t_kv/2023/1kv/1kv2023.csv,ID,52289,47024,0
1t_god/2024/sr_1t_god_12_2024.csv,1t_kv/2023/2kv/2kv2023.csv,ID,52289,47956,0
1t_god/2024/sr_1t_god_12_2024.csv,1t_kv/2023/3kv/3kv2023.csv,ID,52289,48567,0
1t_god/2024/sr_1t_god_12_2024.csv,1t_kv/2023/4kv/4kv2023.csv,ID,52289,48775,0
1t_god/2024/sr_1t_god_12_2024.csv,1t_kv/2024/1kv/1t_kv_03_2024.csv,ID,52289,49424,0
1t_god/2024/sr_1t_god_12_2024.csv,1t_kv/2024/2kv/1t_kv_06_2024.csv,ID,52289,49495,0
1t_god/2024/sr_1t_god_12_2024.csv,1t_kv/2024/3kv/1t_kv_09_2024.csv,ID,52289,50237,0
1t_god/2024/sr_1t_god_12_2024.csv,1t_kv/2024/4kv/1t_kv_12_2024.csv,ID,52289,50784,0
1t_god/2024/sr_1t_god_12_2024.csv,2t/2021/2_t_oplata_truda_2021.csv,ID,52289,15679,0
1t_god/2024/sr_1t_god_12_2024.csv,2t/2022/2_t_oplata_truda_2022.csv,ID,52289,14613,0
1t_god/2024/sr_1t_god_12_2024.csv,2t/2023/2_t_oplata_truda_2023.csv,ID,52289,15820,0
1t_god/2024/sr_1t_god_12_2024.csv,2t/2024/sr_2t_ot_god_04_2024_parol_2025.csv,ID,52289,17159,0
1t_kv/2021/1kv/1kv2021.csv,1t_kv/2021/2kv/2kv2021.csv,ID,55196,55412,0
1t_kv/2021/1kv/1kv2021.csv,1t_kv/2021/3kv/3kv2021.csv,ID,55196,56128,0
1t_kv/2021/1kv/1kv2021.csv,1t_kv/2021/4kv/4kv2021.csv,ID,55196,56378,0
1t_kv/2021/1kv/1kv2021.csv,1t_kv/2022/1kv/1kv2022.csv,ID,55196,54007,0
1t_kv/2021/1kv/1kv2021.csv,1t_kv/2022/2kv/2kv2022.csv,ID,55196,54881,0
1t_kv/2021/1kv/1kv2021.csv,1t_kv/2022/3kv/3kv2022.csv,ID,55196,55986,0
1t_kv/2021/1kv/1kv2021.csv,1t_kv/2022/4kv/4kv2022.csv,ID,55196,57040,0
1t_kv/2021/1kv/1kv2021.csv,1t_kv/2023/1kv/1kv2023.csv,ID,55196,47024,0
1t_kv/2021/1kv/1kv2021.csv,1t_kv/2023/2kv/2kv2023.csv,ID,55196,47956,0
1t_kv/2021/1kv/1kv2021.csv,1t_kv/2023/3kv/3kv2023.csv,ID,55196,48567,0
1t_kv/2021/1kv/1kv2021.csv,1t_kv/2023/4kv/4kv2023.csv,ID,55196,48775,0
1t_kv/2021/1kv/1kv2021.csv,1t_kv/2024/1kv/1t_kv_03_2024.csv,ID,55196,49424,0
1t_kv/2021/1kv/1kv2021.csv,1t_kv/2024/2kv/1t_kv_06_2024.csv,ID,55196,49495,0
1t_kv/2021/1kv/1kv2021.csv,1t_kv/2024/3kv/1t_kv_09_2024.csv,ID,55196,50237,0
1t_kv/2021/1kv/1kv2021.csv,1t_kv/2024/4kv/1t_kv_12_2024.csv,ID,55196,50784,0
1t_kv/2021/1kv/1kv2021.csv,2t/2021/2_t_oplata_truda_2021.csv,ID,55196,15679,0
1t_kv/2021/1kv/1kv2021.csv,2t/2022/2_t_oplata_truda_2022.csv,ID,55196,14613,0
1t_kv/2021/1kv/1kv2021.csv,2t/2023/2_t_oplata_truda_2023.csv,ID,55196,15820,0
1t_kv/2021/1kv/1kv2021.csv,2t/2024/sr_2t_ot_god_04_2024_parol_2025.csv,ID,55196,17159,0
1t_kv/2021/2kv/2kv2021.csv,1t_kv/2021/3kv/3kv2021.csv,ID,55412,56128,0
1t_kv/2021/2kv/2kv2021.csv,1t_kv/2021/4kv/4kv2021.csv,ID,55412,56378,0
1t_kv/2021/2kv/2kv2021.csv,1t_kv/2022/1kv/1kv2022.csv,ID,55412,54007,0
1t_kv/2021/2kv/2kv2021.csv,1t_kv/2022/2kv/2kv2022.csv,ID,55412,54881,0
1t_kv/2021/2kv/2kv2021.csv,1t_kv/2022/3kv/3kv2022.csv,ID,55412,55986,0
1t_kv/2021/2kv/2kv2021.csv,1t_kv/2022/4kv/4kv2022.csv,ID,55412,57040,0
1t_kv/2021/2kv/2kv2021.csv,1t_kv/2023/1kv/1kv2023.csv,ID,55412,47024,0
1t_kv/2021/2kv/2kv2021.csv,1t_kv/2023/2kv/2kv2023.csv,ID,55412,47956,0
1t_kv/2021/2kv/2kv2021.csv,1t_kv/2023/3kv/3kv2023.csv,ID,55412,48567,0
1t_kv/2021/2kv/2kv2021.csv,1t_kv/2023/4kv/4kv2023.csv,ID,55412,48775,0
1t_kv/2021/2kv/2kv2021.csv,1t_kv/2024/1kv/1t_kv_03_2024.csv,ID,55412,49424,0
1t_kv/2021/2kv/2kv2021.csv,1t_kv/2024/2kv/1t_kv_06_2024.csv,ID,55412,49495,0
1t_kv/2021/2kv/2kv2021.csv,1t_kv/2024/3kv/1t_kv_09_2024.csv,ID,55412,50237,0
1t_kv/2021/2kv/2kv2021.csv,1t_kv/2024/4kv/1t_kv_12_2024.csv,ID,55412,50784,0
1t_kv/2021/2kv/2kv2021.csv,2t/2021/2_t_oplata_truda_2021.csv,ID,55412,15679,0
1t_kv/2021/2kv/2kv2021.csv,2t/2022/2_t_oplata_truda_2022.csv,ID,55412,14613,0
1t_kv/2021/2kv/2kv2021.csv,2t/2023/2_t_oplata_truda_2023.csv,ID,55412,15820,0
1t_kv/2021/2kv/2kv2021.csv,2t/2024/sr_2t_ot_god_04_2024_parol_2025.csv,ID,55412,17159,0
1t_kv/2021/3kv/3kv2021.csv,1t_kv/2021/4kv/4kv2021.csv,ID,56128,56378,0
1t_kv/2021/3kv/3kv2021.csv,1t_kv/2022/1kv/1kv2022.csv,ID,56128,54007,0
1t_kv/2021/3kv/3kv2021.csv,1t_kv/2022/2kv/2kv2022.csv,ID,56128,54881,0
1t_kv/2021/3kv/3kv2021.csv,1t_kv/2022/3kv/3kv2022.csv,ID,56128,55986,0
1t_kv/2021/3kv/3kv2021.csv,1t_kv/2022/4kv/4kv2022.csv,ID,56128,57040,0
1t_kv/2021/3kv/3kv2021.csv,1t_kv/2023/1kv/1kv2023.csv,ID,56128,47024,0
1t_kv/2021/3kv/3kv2021.csv,1t_kv/2023/2kv/2kv2023.csv,ID,56128,47956,0
1t_kv/2021/3kv/3kv2021.csv,1t_kv/2023/3kv/3kv2023.csv,ID,56128,48567,0
1t_kv/2021/3kv/3kv2021.csv,1t_kv/2023/4kv/4kv2023.csv,ID,56128,48775,0
1t_kv/2021/3kv/3kv2021.csv,1t_kv/2024/1kv/1t_kv_03_2024.csv,ID,56128,49424,0
1t_kv/2021/3kv/3kv2021.csv,1t_kv/2024/2kv/1t_kv_06_2024.csv,ID,56128,49495,0
1t_kv/2021/3kv/3kv2021.csv,1t_kv/2024/3kv/1t_kv_09_2024.csv,ID,56128,50237,0
1t_kv/2021/3kv/3kv2021.csv,1t_kv/2024/4kv/1t_kv_12_2024.csv,ID,56128,50784,0
1t_kv/2021/3kv/3kv2021.csv,2t/2021/2_t_oplata_truda_2021.csv,ID,56128,15679,0
1t_kv/2021/3kv/3kv2021.csv,2t/2022/2_t_oplata_truda_2022.csv,ID,56128,14613,0
1t_kv/2021/3kv/3kv2021.csv,2t/2023/2_t_oplata_truda_2023.csv,ID,56128,15820,0
1t_kv/2021/3kv/3kv2021.csv,2t/2024/sr_2t_ot_god_04_2024_parol_2025.csv,ID,56128,17159,0
1t_kv/2021/4kv/4kv2021.csv,1t_kv/2022/1kv/1kv2022.csv,ID,56378,54007,0
1t_kv/2021/4kv/4kv2021.csv,1t_kv/2022/2kv/2kv2022.csv,ID,56378,54881,0
1t_kv/2021/4kv/4kv2021.csv,1t_kv/2022/3kv/3kv2022.csv,ID,56378,55986,0
1t_kv/2021/4kv/4kv2021.csv,1t_kv/2022/4kv/4kv2022.csv,ID,56378,57040,0
1t_kv/2021/4kv/4kv2021.csv,1t_kv/2023/1kv/1kv2023.csv,ID,56378,47024,0
1t_kv/2021/4kv/4kv2021.csv,1t_kv/2023/2kv/2kv2023.csv,ID,56378,47956,0
1t_kv/2021/4kv/4kv2021.csv,1t_kv/2023/3kv/3kv2023.csv,ID,56378,48567,0
1t_kv/2021/4kv/4kv2021.csv,1t_kv/2023/4kv/4kv2023.csv,ID,56378,48775,0
1t_kv/2021/4kv/4kv2021.csv,1t_kv/2024/1kv/1t_kv_03_2024.csv,ID,56378,49424,0
1t_kv/2021/4kv/4kv2021.csv,1t_kv/2024/2kv/1t_kv_06_2024.csv,ID,56378,49495,0
1t_kv/2021/4kv/4kv2021.csv,1t_kv/2024/3kv/1t_kv_09_2024.csv,ID,56378,50237,0
1t_kv/2021/4kv/4kv2021.csv,1t_kv/2024/4kv/1t_kv_12_2024.csv,ID,56378,50784,0
1t_kv/2021/4kv/4kv2021.csv,2t/2021/2_t_oplata_truda_2021.csv,ID,56378,15679,0
1t_kv/2021/4kv/4kv2021.csv,2t/2022/2_t_oplata_truda_2022.csv,ID,56378,14613,0
1t_kv/2021/4kv/4kv2021.csv,2t/2023/2_t_oplata_truda_2023.csv,ID,56378,15820,0
1t_kv/2021/4kv/4kv2021.csv,2t/2024/sr_2t_ot_god_04_2024_parol_2025.csv,ID,56378,17159,0
1t_kv/2022/1kv/1kv2022.csv,1t_kv/2022/2kv/2kv2022.csv,ID,54007,54881,0
1t_kv/2022/1kv/1kv2022.csv,1t_kv/2022/3kv/3kv2022.csv,ID,54007,55986,0
1t_kv/2022/1kv/1kv2022.csv,1t_kv/2022/4kv/4kv2022.csv,ID,54007,57040,0
1t_kv/2022/1kv/1kv2022.csv,1t_kv/2023/1kv/1kv2023.csv,ID,54007,47024,0
1t_kv/2022/1kv/1kv2022.csv,1t_kv/2023/2kv/2kv2023.csv,ID,54007,47956,0
1t_kv/2022/1kv/1kv2022.csv,1t_kv/2023/3kv/3kv2023.csv,ID,54007,48567,0
1t_kv/2022/1kv/1kv2022.csv,1t_kv/2023/4kv/4kv2023.csv,ID,54007,48775,0
1t_kv/2022/1kv/1kv2022.csv,1t_kv/2024/1kv/1t_kv_03_2024.csv,ID,54007,49424,0
1t_kv/2022/1kv/1kv2022.csv,1t_kv/2024/2kv/1t_kv_06_2024.csv,ID,54007,49495,0
1t_kv/2022/1kv/1kv2022.csv,1t_kv/2024/3kv/1t_kv_09_2024.csv,ID,54007,50237,0
1t_kv/2022/1kv/1kv2022.csv,1t_kv/2024/4kv/1t_kv_12_2024.csv,ID,54007,50784,0
1t_kv/2022/1kv/1kv2022.csv,2t/2021/2_t_oplata_truda_2021.csv,ID,54007,15679,0
1t_kv/2022/1kv/1kv2022.csv,2t/2022/2_t_oplata_truda_2022.csv,ID,54007,14613,0
1t_kv/2022/1kv/1kv2022.csv,2t/2023/2_t_oplata_truda_2023.csv,ID,54007,15820,0
1t_kv/2022/1kv/1kv2022.csv,2t/2024/sr_2t_ot_god_04_2024_parol_2025.csv,ID,54007,17159,0
1t_kv/2022/2kv/2kv2022.csv,1t_kv/2022/3kv/3kv2022.csv,ID,54881,55986,0
1t_kv/2022/2kv/2kv2022.csv,1t_kv/2022/4kv/4kv2022.csv,ID,54881,57040,0
1t_kv/2022/2kv/2kv2022.csv,1t_kv/2023/1kv/1kv2023.csv,ID,54881,47024,0
1t_kv/2022/2kv/2kv2022.csv,1t_kv/2023/2kv/2kv2023.csv,ID,54881,47956,0
1t_kv/2022/2kv/2kv2022.csv,1t_kv/2023/3kv/3kv2023.csv,ID,54881,48567,0
1t_kv/2022/2kv/2kv2022.csv,1t_kv/2023/4kv/4kv2023.csv,ID,54881,48775,0
1t_kv/2022/2kv/2kv2022.csv,1t_kv/2024/1kv/1t_kv_03_2024.csv,ID,54881,49424,0
1t_kv/2022/2kv/2kv2022.csv,1t_kv/2024/2kv/1t_kv_06_2024.csv,ID,54881,49495,0
1t_kv/2022/2kv/2kv2022.csv,1t_kv/2024/3kv/1t_kv_09_2024.csv,ID,54881,50237,0
1t_kv/2022/2kv/2kv2022.csv,1t_kv/2024/4kv/1t_kv_12_2024.csv,ID,54881,50784,0
1t_kv/2022/2kv/2kv2022.csv,2t/2021/2_t_oplata_truda_2021.csv,ID,54881,15679,0
1t_kv/2022/2kv/2kv2022.csv,2t/2022/2_t_oplata_truda_2022.csv,ID,54881,14613,0
1t_kv/2022/2kv/2kv2022.csv,2t/2023/2_t_oplata_truda_2023.csv,ID,54881,15820,0
1t_kv/2022/2kv/2kv2022.csv,2t/2024/sr_2t_ot_god_04_2024_parol_2025.csv,ID,54881,17159,0
1t_kv/2022/3kv/3kv2022.csv,1t_kv/2022/4kv/4kv2022.csv,ID,55986,57040,0
1t_kv/2022/3kv/3kv2022.csv,1t_kv/2023/1kv/1kv2023.csv,ID,55986,47024,0
1t_kv/2022/3kv/3kv2022.csv,1t_kv/2023/2kv/2kv2023.csv,ID,55986,47956,0
1t_kv/2022/3kv/3kv2022.csv,1t_kv/2023/3kv/3kv2023.csv,ID,55986,48567,0
1t_kv/2022/3kv/3kv2022.csv,1t_kv/2023/4kv/4kv2023.csv,ID,55986,48775,0
1t_kv/2022/3kv/3kv2022.csv,1t_kv/2024/1kv/1t_kv_03_2024.csv,ID,55986,49424,0
1t_kv/2022/3kv/3kv2022.csv,1t_kv/2024/2kv/1t_kv_06_2024.csv,ID,55986,49495,0
1t_kv/2022/3kv/3kv2022.csv,1t_kv/2024/3kv/1t_kv_09_2024.csv,ID,55986,50237,0
1t_kv/2022/3kv/3kv2022.csv,1t_kv/2024/4kv/1t_kv_12_2024.csv,ID,55986,50784,0
1t_kv/2022/3kv/3kv2022.csv,2t/2021/2_t_oplata_truda_2021.csv,ID,55986,15679,0
1t_kv/2022/3kv/3kv2022.csv,2t/2022/2_t_oplata_truda_2022.csv,ID,55986,14613,0
1t_kv/2022/3kv/3kv2022.csv,2t/2023/2_t_oplata_truda_2023.csv,ID,55986,15820,0
1t_kv/2022/3kv/3kv2022.csv,2t/2024/sr_2t_ot_god_04_2024_parol_2025.csv,ID,55986,17159,0
1t_kv/2022/4kv/4kv2022.csv,1t_kv/2023/1kv/1kv2023.csv,ID,57040,47024,0
1t_kv/2022/4kv/4kv2022.csv,1t_kv/2023/2kv/2kv2023.csv,ID,57040,47956,0
1t_kv/2022/4kv/4kv2022.csv,1t_kv/2023/3kv/3kv2023.csv,ID,57040,48567,0
1t_kv/2022/4kv/4kv2022.csv,1t_kv/2023/4kv/4kv2023.csv,ID,57040,48775,0
1t_kv/2022/4kv/4kv2022.csv,1t_kv/2024/1kv/1t_kv_03_2024.csv,ID,57040,49424,0
1t_kv/2022/4kv/4kv2022.csv,1t_kv/2024/2kv/1t_kv_06_2024.csv,ID,57040,49495,0
1t_kv/2022/4kv/4kv2022.csv,1t_kv/2024/3kv/1t_kv_09_2024.csv,ID,57040,50237,0
1t_kv/2022/4kv/4kv2022.csv,1t_kv/2024/4kv/1t_kv_12_2024.csv,ID,57040,50784,0
1t_kv/2022/4kv/4kv2022.csv,2t/2021/2_t_oplata_truda_2021.csv,ID,57040,15679,0
1t_kv/2022/4kv/4kv2022.csv,2t/2022/2_t_oplata_truda_2022.csv,ID,57040,14613,0
1t_kv/2022/4kv/4kv2022.csv,2t/2023/2_t_oplata_truda_2023.csv,ID,57040,15820,0
1t_kv/2022/4kv/4kv2022.csv,2t/2024/sr_2t_ot_god_04_2024_parol_2025.csv,ID,57040,17159,0
1t_kv/2023/1kv/1kv2023.csv,1t_kv/2023/2kv/2kv2023.csv,ID,47024,47956,0
1t_kv/2023/1kv/1kv2023.csv,1t_kv/2023/3kv/3kv2023.csv,ID,47024,48567,0
1t_kv/2023/1kv/1kv2023.csv,1t_kv/2023/4kv/4kv2023.csv,ID,47024,48775,0
1t_kv/2023/1kv/1kv2023.csv,1t_kv/2024/1kv/1t_kv_03_2024.csv,ID,47024,49424,0
1t_kv/2023/1kv/1kv2023.csv,1t_kv/2024/2kv/1t_kv_06_2024.csv,ID,47024,49495,0
1t_kv/2023/1kv/1kv2023.csv,1t_kv/2024/3kv/1t_kv_09_2024.csv,ID,47024,50237,0
1t_kv/2023/1kv/1kv2023.csv,1t_kv/2024/4kv/1t_kv_12_2024.csv,ID,47024,50784,0
1t_kv/2023/1kv/1kv2023.csv,2t/2021/2_t_oplata_truda_2021.csv,ID,47024,15679,0
1t_kv/2023/1kv/1kv2023.csv,2t/2022/2_t_oplata_truda_2022.csv,ID,47024,14613,0
1t_kv/2023/1kv/1kv2023.csv,2t/2023/2_t_oplata_truda_2023.csv,ID,47024,15820,0
1t_kv/2023/1kv/1kv2023.csv,2t/2024/sr_2t_ot_god_04_2024_parol_2025.csv,ID,47024,17159,0
1t_kv/2023/2kv/2kv2023.csv,1t_kv/2023/3kv/3kv2023.csv,ID,47956,48567,0
1t_kv/2023/2kv/2kv2023.csv,1t_kv/2023/4kv/4kv2023.csv,ID,47956,48775,0
1t_kv/2023/2kv/2kv2023.csv,1t_kv/2024/1kv/1t_kv_03_2024.csv,ID,47956,49424,0
1t_kv/2023/2kv/2kv2023.csv,1t_kv/2024/2kv/1t_kv_06_2024.csv,ID,47956,49495,0
1t_kv/2023/2kv/2kv2023.csv,1t_kv/2024/3kv/1t_kv_09_2024.csv,ID,47956,50237,0
1t_kv/2023/2kv/2kv2023.csv,1t_kv/2024/4kv/1t_kv_12_2024.csv,ID,47956,50784,0
1t_kv/2023/2kv/2kv2023.csv,2t/2021/2_t_oplata_truda_2021.csv,ID,47956,15679,0
1t_kv/2023/2kv/2kv2023.csv,2t/2022/2_t_oplata_truda_2022.csv,ID,47956,14613,0
1t_kv/2023/2kv/2kv2023.csv,2t/2023/2_t_oplata_truda_2023.csv,ID,47956,15820,0
1t_kv/2023/2kv/2kv2023.csv,2t/2024/sr_2t_ot_god_04_2024_parol_2025.csv,ID,47956,17159,0
1t_kv/2023/3kv/3kv2023.csv,1t_kv/2023/4kv/4kv2023.csv,ID,48567,48775,0
1t_kv/2023/3kv/3kv2023.csv,1t_kv/2024/1kv/1t_kv_03_2024.csv,ID,48567,49424,0
1t_kv/2023/3kv/3kv2023.csv,1t_kv/2024/2kv/1t_kv_06_2024.csv,ID,48567,49495,0
1t_kv/2023/3kv/3kv2023.csv,1t_kv/2024/3kv/1t_kv_09_2024.csv,ID,48567,50237,0
1t_kv/2023/3kv/3kv2023.csv,1t_kv/2024/4kv/1t_kv_12_2024.csv,ID,48567,50784,0
1t_kv/2023/3kv/3kv2023.csv,2t/2021/2_t_oplata_truda_2021.csv,ID,48567,15679,0
1t_kv/2023/3kv/3kv2023.csv,2t/2022/2_t_oplata_truda_2022.csv,ID,48567,14613,0
1t_kv/2023/3kv/3kv2023.csv,2t/2023/2_t_oplata_truda_2023.csv,ID,48567,15820,0
1t_kv/2023/3kv/3kv2023.csv,2t/2024/sr_2t_ot_god_04_2024_parol_2025.csv,ID,48567,17159,0
1t_kv/2023/4kv/4kv2023.csv,1t_kv/2024/1kv/1t_kv_03_2024.csv,ID,48775,49424,0
1t_kv/2023/4kv/4kv2023.csv,1t_kv/2024/2kv/1t_kv_06_2024.csv,ID,48775,49495,0
1t_kv/2023/4kv/4kv2023.csv,1t_kv/2024/3kv/1t_kv_09_2024.csv,ID,48775,50237,0
1t_kv/2023/4kv/4kv2023.csv,1t_kv/2024/4kv/1t_kv_12_2024.csv,ID,48775,50784,0
1t_kv/2023/4kv/4kv2023.csv,2t/2021/2_t_oplata_truda_2021.csv,ID,48775,15679,0
1t_kv/2023/4kv/4kv2023.csv,2t/2022/2_t_oplata_truda_2022.csv,ID,48775,14613,0
1t_kv/2023/4kv/4kv2023.csv,2t/2023/2_t_oplata_truda_2023.csv,ID,48775,15820,0
1t_kv/2023/4kv/4kv2023.csv,2t/2024/sr_2t_ot_god_04_2024_parol_2025.csv,ID,48775,17159,0
1t_kv/2024/1kv/1t_kv_03_2024.csv,1t_kv/2024/2kv/1t_kv_06_2024.csv,ID,49424,49495,0
1t_kv/2024/1kv/1t_kv_03_2024.csv,1t_kv/2024/3kv/1t_kv_09_2024.csv,ID,49424,50237,0
1t_kv/2024/1kv/1t_kv_03_2024.csv,1t_kv/2024/4kv/1t_kv_12_2024.csv,ID,49424,50784,0
1t_kv/2024/1kv/1t_kv_03_2024.csv,2t/2021/2_t_oplata_truda_2021.csv,ID,49424,15679,0
1t_kv/2024/1kv/1t_kv_03_2024.csv,2t/2022/2_t_oplata_truda_2022.csv,ID,49424,14613,0
1t_kv/2024/1kv/1t_kv_03_2024.csv,2t/2023/2_t_oplata_truda_2023.csv,ID,49424,15820,0
1t_kv/2024/1kv/1t_kv_03_2024.csv,2t/2024/sr_2t_ot_god_04_2024_parol_2025.csv,ID,49424,17159,0
1t_kv/2024/2kv/1t_kv_06_2024.csv,1t_kv/2024/3kv/1t_kv_09_2024.csv,ID,49495,50237,0
1t_kv/2024/2kv/1t_kv_06_2024.csv,1t_kv/2024/4kv/1t_kv_12_2024.csv,ID,49495,50784,0
1t_kv/2024/2kv/1t_kv_06_2024.csv,2t/2021/2_t_oplata_truda_2021.csv,ID,49495,15679,0
1t_kv/2024/2kv/1t_kv_06_2024.csv,2t/2022/2_t_oplata_truda_2022.csv,ID,49495,14613,0
1t_kv/2024/2kv/1t_kv_06_2024.csv,2t/2023/2_t_oplata_truda_2023.csv,ID,49495,15820,0
1t_kv/2024/2kv/1t_kv_06_2024.csv,2t/2024/sr_2t_ot_god_04_2024_parol_2025.csv,ID,49495,17159,0
1t_kv/2024/3kv/1t_kv_09_2024.csv,1t_kv/2024/4kv/1t_kv_12_2024.csv,ID,50237,50784,0
1t_kv/2024/3kv/1t_kv_09_2024.csv,2t/2021/2_t_oplata_truda_2021.csv,ID,50237,15679,0
1t_kv/2024/3kv/1t_kv_09_2024.csv,2t/2022/2_t_oplata_truda_2022.csv,ID,50237,14613,0
1t_kv/2024/3kv/1t_kv_09_2024.csv,2t/2023/2_t_oplata_truda_2023.csv,ID,50237,15820,0
1t_kv/2024/3kv/1t_kv_09_2024.csv,2t/2024/sr_2t_ot_god_04_2024_parol_2025.csv,ID,50237,17159,0
1t_kv/2024/4kv/1t_kv_12_2024.csv,2t/2021/2_t_oplata_truda_2021.csv,ID,50784,15679,0
1t_kv/2024/4kv/1t_kv_12_2024.csv,2t/2022/2_t_oplata_truda_2022.csv,ID,50784,14613,0
1t_kv/2024/4kv/1t_kv_12_2024.csv,2t/2023/2_t_oplata_truda_2023.csv,ID,50784,15820,0
1t_kv/2024/4kv/1t_kv_12_2024.csv,2t/2024/sr_2t_ot_god_04_2024_parol_2025.csv,ID,50784,17159,0
2t/2021/2_t_oplata_truda_2021.csv,2t/2022/2_t_oplata_truda_2022.csv,ID,15679,14613,0
2t/2021/2_t_oplata_truda_2021.csv,2t/2023/2_t_oplata_truda_2023.csv,ID,15679,15820,0
2t/2021/2_t_oplata_truda_2021.csv,2t/2024/sr_2t_ot_god_04_2024_parol_2025.csv,ID,15679,17159,0
2t/2022/2_t_oplata_truda_2022.csv,2t/2023/2_t_oplata_truda_2023.csv,ID,14613,15820,0
2t/2022/2_t_oplata_truda_2022.csv,2t/2024/sr_2t_ot_god_04_2024_parol_2025.csv,ID,14613,17159,0
2t/2023/2_t_oplata_truda_2023.csv,2t/2024/sr_2t_ot_god_04_2024_parol_2025.csv,ID,15820,17159,0
