path,code_like_cells,distinct_code_like_values,method
documentation/d004/2021/коды/kv_vopr6 (индивидуальные).xls,77,77,"all numeric/dotted/hyphenated codes, optional letter prefix; Excel numeric integers normalized, surrounding whitespace and trailing comma removed; leading zeros preserved"
documentation/d004/2023/коды/kv_vopr6(проч_финансовые_расходы).xls,65,32,"all numeric/dotted/hyphenated codes, optional letter prefix; Excel numeric integers normalized, surrounding whitespace and trailing comma removed; leading zeros preserved"
documentation/d004/2023/коды/kv_vopr3(связь).xls,11,11,"all numeric/dotted/hyphenated codes, optional letter prefix; Excel numeric integers normalized, surrounding whitespace and trailing comma removed; leading zeros preserved"
documentation/d004/2022/коды/kv_vopr1 (непроды).xls,404,404,"all numeric/dotted/hyphenated codes, optional letter prefix; Excel numeric integers normalized, surrounding whitespace and trailing comma removed; leading zeros preserved"
documentation/d001/2024/D001_2024/Д001_справочники/Справ_2063_прил5.xls,9,9,"all numeric/dotted/hyphenated codes, optional letter prefix; Excel numeric integers normalized, surrounding whitespace and trailing comma removed; leading zeros preserved"
documentation/d004/2022/коды/kv_vopr5(здравоохранение).xls,26,26,"all numeric/dotted/hyphenated codes, optional letter prefix; Excel numeric integers normalized, surrounding whitespace and trailing comma removed; leading zeros preserved"
documentation/d004/2022/коды/kv_vopr4(образование).xls,24,24,"all numeric/dotted/hyphenated codes, optional letter prefix; Excel numeric integers normalized, surrounding whitespace and trailing comma removed; leading zeros preserved"
documentation/d004/2023/коды/kv_vopr2(коммунальные).xls,20,20,"all numeric/dotted/hyphenated codes, optional letter prefix; Excel numeric integers normalized, surrounding whitespace and trailing comma removed; leading zeros preserved"
documentation/2t/2023/ГСДПРС для 2-Т_профессия.xls,11901,11901,"all numeric/dotted/hyphenated codes, optional letter prefix; Excel numeric integers normalized, surrounding whitespace and trailing comma removed; leading zeros preserved"
documentation/d004/2021/коды/kv_vopr9_10 (производство -Раздел4).xls,273,101,"all numeric/dotted/hyphenated codes, optional letter prefix; Excel numeric integers normalized, surrounding whitespace and trailing comma removed; leading zeros preserved"
documentation/d004/2021/коды/kv_vopr6(проч_финансовые_расходы).xls,65,32,"all numeric/dotted/hyphenated codes, optional letter prefix; Excel numeric integers normalized, surrounding whitespace and trailing comma removed; leading zeros preserved"
documentation/d004/2021/коды/kv_vopr5(здравоохранение).xls,26,26,"all numeric/dotted/hyphenated codes, optional letter prefix; Excel numeric integers normalized, surrounding whitespace and trailing comma removed; leading zeros preserved"
documentation/d001/2024/D001_2024/Д001_справочники/Справ_2065_прил3.xls,460,230,"all numeric/dotted/hyphenated codes, optional letter prefix; Excel numeric integers normalized, surrounding whitespace and trailing comma removed; leading zeros preserved"
documentation/d004/2021/коды/kv_vopr7(транспорт).xls,34,34,"all numeric/dotted/hyphenated codes, optional letter prefix; Excel numeric integers normalized, surrounding whitespace and trailing comma removed; leading zeros preserved"
documentation/d004/2021/коды/kv_vopr1 (непроды).xls,404,404,"all numeric/dotted/hyphenated codes, optional letter prefix; Excel numeric integers normalized, surrounding whitespace and trailing comma removed; leading zeros preserved"
documentation/d004/2022/коды/kv_vopr3(связь).xls,24,24,"all numeric/dotted/hyphenated codes, optional letter prefix; Excel numeric integers normalized, surrounding whitespace and trailing comma removed; leading zeros preserved"
documentation/d004/2023/коды/kv_vopr5(здравоохранение).xls,12,12,"all numeric/dotted/hyphenated codes, optional letter prefix; Excel numeric integers normalized, surrounding whitespace and trailing comma removed; leading zeros preserved"
documentation/2t/2022/ГСДПРС для 2-Т_профессия.xls,11901,11901,"all numeric/dotted/hyphenated codes, optional letter prefix; Excel numeric integers normalized, surrounding whitespace and trailing comma removed; leading zeros preserved"
documentation/d004/2022/коды/kv_vopr6 (отдых и культура).xls,50,50,"all numeric/dotted/hyphenated codes, optional letter prefix; Excel numeric integers normalized, surrounding whitespace and trailing comma removed; leading zeros preserved"
documentation/d004/2022/коды/kv_vopr2(коммунальные).xls,58,47,"all numeric/dotted/hyphenated codes, optional letter prefix; Excel numeric integers normalized, surrounding whitespace and trailing comma removed; leading zeros preserved"
documentation/d001/2024/D001_2024/Д001_справочники/Справ_6372_прил6.xls,6,6,"all numeric/dotted/hyphenated codes, optional letter prefix; Excel numeric integers normalized, surrounding whitespace and trailing comma removed; leading zeros preserved"
documentation/d004/2021/коды/kv_vopr3(связь).xls,24,24,"all numeric/dotted/hyphenated codes, optional letter prefix; Excel numeric integers normalized, surrounding whitespace and trailing comma removed; leading zeros preserved"
documentation/d001/2024/D001_2024/Д001_справочники/справочник времени.xls,432,288,"all numeric/dotted/hyphenated codes, optional letter prefix; Excel numeric integers normalized, surrounding whitespace and trailing comma removed; leading zeros preserved"
documentation/d004/2022/коды/kv_vopr12_Заемные средства.xls,6,6,"all numeric/dotted/hyphenated codes, optional letter prefix; Excel numeric integers normalized, surrounding whitespace and trailing comma removed; leading zeros preserved"
documentation/d001/2024/D001_2024/Д001_справочники/Справ_ 2064_прил4.xls,4,4,"all numeric/dotted/hyphenated codes, optional letter prefix; Excel numeric integers normalized, surrounding whitespace and trailing comma removed; leading zeros preserved"
documentation/d004/2021/коды/kv_vopr4(образование).xls,24,24,"all numeric/dotted/hyphenated codes, optional letter prefix; Excel numeric integers normalized, surrounding whitespace and trailing comma removed; leading zeros preserved"
documentation/d004/2022/коды/kv_vopr6(проч_финансовые_расходы).xls,65,32,"all numeric/dotted/hyphenated codes, optional letter prefix; Excel numeric integers normalized, surrounding whitespace and trailing comma removed; leading zeros preserved"
documentation/d004/2021/коды/kv_vopr6 (отдых и культура).xls,50,50,"all numeric/dotted/hyphenated codes, optional letter prefix; Excel numeric integers normalized, surrounding whitespace and trailing comma removed; leading zeros preserved"
documentation/d004/2022/коды/kv_vopr9_10 (производство -Раздел4).xls,273,101,"all numeric/dotted/hyphenated codes, optional letter prefix; Excel numeric integers normalized, surrounding whitespace and trailing comma removed; leading zeros preserved"
documentation/d004/2021/коды/kv_vopr2(коммунальные).xls,58,47,"all numeric/dotted/hyphenated codes, optional letter prefix; Excel numeric integers normalized, surrounding whitespace and trailing comma removed; leading zeros preserved"
documentation/2t/2023/справочник образования для 2-Т.xls,22,22,"all numeric/dotted/hyphenated codes, optional letter prefix; Excel numeric integers normalized, surrounding whitespace and trailing comma removed; leading zeros preserved"
documentation/2t/2022/справочник образования для 2-Т.xls,22,22,"all numeric/dotted/hyphenated codes, optional letter prefix; Excel numeric integers normalized, surrounding whitespace and trailing comma removed; leading zeros preserved"
documentation/d004/2023/коды/kv_vopr6 (индивидуальные).xls,38,38,"all numeric/dotted/hyphenated codes, optional letter prefix; Excel numeric integers normalized, surrounding whitespace and trailing comma removed; leading zeros preserved"
documentation/d004/2022/коды/kv_vopr6 (индивидуальные).xls,77,77,"all numeric/dotted/hyphenated codes, optional letter prefix; Excel numeric integers normalized, surrounding whitespace and trailing comma removed; leading zeros preserved"
documentation/d004/2023/коды/kv_vopr7(транспорт).xls,16,16,"all numeric/dotted/hyphenated codes, optional letter prefix; Excel numeric integers normalized, surrounding whitespace and trailing comma removed; leading zeros preserved"
documentation/2t/2021/справочник образования для 2-Т.xls,22,22,"all numeric/dotted/hyphenated codes, optional letter prefix; Excel numeric integers normalized, surrounding whitespace and trailing comma removed; leading zeros preserved"
documentation/2t/2021/ГСДПРС для 2-Т_профессия.xls,11901,11901,"all numeric/dotted/hyphenated codes, optional letter prefix; Excel numeric integers normalized, surrounding whitespace and trailing comma removed; leading zeros preserved"
documentation/d004/2023/коды/kv_vopr12_Заемные средства.xls,6,6,"all numeric/dotted/hyphenated codes, optional letter prefix; Excel numeric integers normalized, surrounding whitespace and trailing comma removed; leading zeros preserved"
documentation/d004/2021/коды/kv_vopr12_Заемные средства.xls,6,6,"all numeric/dotted/hyphenated codes, optional letter prefix; Excel numeric integers normalized, surrounding whitespace and trailing comma removed; leading zeros preserved"
documentation/d004/2023/коды/kv_vopr9_10 (производство -Раздел4).xls,273,101,"all numeric/dotted/hyphenated codes, optional letter prefix; Excel numeric integers normalized, surrounding whitespace and trailing comma removed; leading zeros preserved"
documentation/d001/2024/D001_2024/Д001_справочники/Справ_2066_прил7.xls,576,289,"all numeric/dotted/hyphenated codes, optional letter prefix; Excel numeric integers normalized, surrounding whitespace and trailing comma removed; leading zeros preserved"
documentation/d004/2023/коды/kv_vopr1 (непроды).xls,404,404,"all numeric/dotted/hyphenated codes, optional letter prefix; Excel numeric integers normalized, surrounding whitespace and trailing comma removed; leading zeros preserved"
documentation/d004/2023/коды/kv_vopr6 (отдых и культура).xls,50,50,"all numeric/dotted/hyphenated codes, optional letter prefix; Excel numeric integers normalized, surrounding whitespace and trailing comma removed; leading zeros preserved"
documentation/d004/2023/коды/kv_vopr4(образование).xls,11,11,"all numeric/dotted/hyphenated codes, optional letter prefix; Excel numeric integers normalized, surrounding whitespace and trailing comma removed; leading zeros preserved"
documentation/d004/2022/коды/kv_vopr7(транспорт).xls,34,34,"all numeric/dotted/hyphenated codes, optional letter prefix; Excel numeric integers normalized, surrounding whitespace and trailing comma removed; leading zeros preserved"
