path,form,year,rows,columns_count,manifest_rows_match,manifest_columns_match,manifest_bytes_match,duplicate_rows_excess,all_null_rows,candidate_keys,period_checks
1t_god/2021/2021_1t_god.csv,1t_god,2021,7721951,16,True,True,True,269103,0,"[{""columns"": [""ID""], ""distinct"": 70874, ""null_rows"": 0}, {""columns"": [""ID"", ""KCP""], ""distinct"": 1107909, ""null_rows"": 0}, {""columns"": [""ID"", ""KCP"", ""KATO"", ""OKED"", ""KZ"", ""SPVRP"", ""SVNO"", ""SSFZP"", ""GSUORP"", ""SVR"", ""SPNR"", ""SP"", ""SKRAB"", ""SVDOB"", ""SSSCHR""], ""distinct"": 5178553, ""null_rows"": 7721951}]",{}
1t_god/2022/2022_1t_god.csv,1t_god,2022,8285961,18,True,True,True,295274,0,"[{""columns"": [""ID""], ""distinct"": 77994, ""null_rows"": 0}, {""columns"": [""ID"", ""KCP""], ""distinct"": 1299044, ""null_rows"": 0}, {""columns"": [""ID"", ""KATO"", ""RMONTH"", ""RYEAR"", ""KCP"", ""KZ"", ""SPVRP"", ""SVNO"", ""SSFZP"", ""GSUORP"", ""SVR"", ""SPNR"", ""SP"", ""OKED"", ""SKRAB"", ""SVDOB"", ""SSSCHR""], ""distinct"": 5603958, ""null_rows"": 8285961}]","{""RMONTH_outside_1_12"": 0, ""RYEAR_path_mismatch"": 0}"
1t_god/2023/2023_1t_god.csv,1t_god,2023,8574325,19,True,True,True,301959,0,"[{""columns"": [""ID""], ""distinct"": 83754, ""null_rows"": 0}, {""columns"": [""ID"", ""KCP""], ""distinct"": 1358273, ""null_rows"": 0}, {""columns"": [""RMONTH"", ""RYEAR"", ""KCP"", ""SSFZP"", ""GSUORP"", ""SPTM1"", ""SKRAB"", ""SSSCHR"", ""SPNR"", ""KZ"", ""SVDOB"", ""SVNO"", ""KATO"", ""OKED"", ""SPVRP"", ""SVR"", ""SP"", ""ID""], ""distinct"": 5833896, ""null_rows"": 8574325}]","{""RMONTH_outside_1_12"": 0, ""RYEAR_path_mismatch"": 0}"
1t_god/2024/sr_1t_god_12_2024.csv,1t_god,2024,5443662,30,True,True,True,197381,0,"[{""columns"": [""ID""], ""distinct"": 52289, ""null_rows"": 0}, {""columns"": [""ID"", ""KCP""], ""distinct"": 816167, ""null_rows"": 0}, {""columns"": [""RYEAR"", ""KCP"", ""SSFZP"", ""SPTM1"", ""SKRAB"", ""GSUORP"", ""SSSCHR"", ""SPNR"", ""SVNO"", ""KZ"", ""SVDOB"", ""KATO1"", ""OKED1"", ""OKED2"", ""SVR"", ""SPVRP"", ""SP"", ""KPOP"", ""SPTM"", ""OKED"", ""AKT"", ""GSGTPE"", ""KATO"", ""KFS"", ""SPVD"", ""KOPF"", ""KSE"", ""KRP"", ""ID""], ""distinct"": 3645398, ""null_rows"": 5443662}]","{""RYEAR_path_mismatch"": 0}"
1t_kv/2021/1kv/1kv2021.csv,1t_kv,2021,1547716,8,True,True,True,43237,0,"[{""columns"": [""ID""], ""distinct"": 55196, ""null_rows"": 0}, {""columns"": [""ID"", ""KCP""], ""distinct"": 629860, ""null_rows"": 0}, {""columns"": [""ID"", ""KATO"", ""OKED"", ""KCP"", ""STKD"", ""SPVRP"", ""SP""], ""distinct"": 1041307, ""null_rows"": 1547716}]",{}
1t_kv/2021/2kv/2kv2021.csv,1t_kv,2021,1572541,8,True,True,True,42646,0,"[{""columns"": [""ID""], ""distinct"": 55412, ""null_rows"": 0}, {""columns"": [""ID"", ""KCP""], ""distinct"": 640567, ""null_rows"": 0}, {""columns"": [""ID"", ""KATO"", ""OKED"", ""KCP"", ""SPVRP"", ""STKD"", ""SP""], ""distinct"": 1053205, ""null_rows"": 1572541}]",{}
1t_kv/2021/3kv/3kv2021.csv,1t_kv,2021,1614596,8,True,True,True,45238,0,"[{""columns"": [""ID""], ""distinct"": 56128, ""null_rows"": 0}, {""columns"": [""ID"", ""KCP""], ""distinct"": 651664, ""null_rows"": 0}, {""columns"": [""ID"", ""KATO"", ""OKED"", ""KCP"", ""SPVRP"", ""STKD"", ""SP""], ""distinct"": 1077602, ""null_rows"": 1614596}]",{}
1t_kv/2021/4kv/4kv2021.csv,1t_kv,2021,1624192,8,True,True,True,43291,0,"[{""columns"": [""ID""], ""distinct"": 56378, ""null_rows"": 0}, {""columns"": [""ID"", ""KCP""], ""distinct"": 657421, ""null_rows"": 0}, {""columns"": [""ID"", ""KATO"", ""OKED"", ""KCP"", ""SPVRP"", ""STKD"", ""SP""], ""distinct"": 1082871, ""null_rows"": 1624192}]",{}
1t_kv/2022/1kv/1kv2022.csv,1t_kv,2022,1555073,10,True,True,True,46204,0,"[{""columns"": [""ID""], ""distinct"": 54007, ""null_rows"": 0}, {""columns"": [""ID"", ""KCP""], ""distinct"": 623842, ""null_rows"": 0}, {""columns"": [""ID"", ""KATO"", ""OKED"", ""RMONTH"", ""RYEAR"", ""KCP"", ""SPVRP"", ""STKD"", ""SP""], ""distinct"": 1031724, ""null_rows"": 1555073}]","{""RMONTH_outside_1_12"": 0, ""RMONTH_quarter_end_mismatch"": 0, ""RYEAR_path_mismatch"": 0}"
1t_kv/2022/2kv/2kv2022.csv,1t_kv,2022,1562755,10,True,True,True,41224,0,"[{""columns"": [""ID""], ""distinct"": 54881, ""null_rows"": 0}, {""columns"": [""ID"", ""KCP""], ""distinct"": 638716, ""null_rows"": 0}, {""columns"": [""ID"", ""KATO"", ""OKED"", ""RMONTH"", ""RYEAR"", ""KCP"", ""SPVRP"", ""STKD"", ""SP""], ""distinct"": 1052155, ""null_rows"": 1562755}]","{""RMONTH_outside_1_12"": 0, ""RMONTH_quarter_end_mismatch"": 0, ""RYEAR_path_mismatch"": 0}"
1t_kv/2022/3kv/3kv2022.csv,1t_kv,2022,1619210,10,True,True,True,43085,0,"[{""columns"": [""ID""], ""distinct"": 55986, ""null_rows"": 0}, {""columns"": [""ID"", ""KCP""], ""distinct"": 651112, ""null_rows"": 0}, {""columns"": [""ID"", ""KATO"", ""OKED"", ""RMONTH"", ""RYEAR"", ""KCP"", ""SPVRP"", ""STKD"", ""SP""], ""distinct"": 1076134, ""null_rows"": 1619210}]","{""RMONTH_outside_1_12"": 0, ""RMONTH_quarter_end_mismatch"": 0, ""RYEAR_path_mismatch"": 0}"
1t_kv/2022/4kv/4kv2022.csv,1t_kv,2022,1631009,10,True,True,True,41990,0,"[{""columns"": [""ID""], ""distinct"": 57040, ""null_rows"": 0}, {""columns"": [""ID"", ""KCP""], ""distinct"": 663785, ""null_rows"": 0}, {""columns"": [""ID"", ""RMONTH"", ""KATO"", ""OKED"", ""RYEAR"", ""KCP"", ""SPVRP"", ""STKD"", ""SP""], ""distinct"": 1092517, ""null_rows"": 1631009}]","{""RMONTH_outside_1_12"": 0, ""RMONTH_quarter_end_mismatch"": 0, ""RYEAR_path_mismatch"": 0}"
1t_kv/2023/1kv/1kv2023.csv,1t_kv,2023,1416073,10,True,True,True,34156,0,"[{""columns"": [""ID""], ""distinct"": 47024, ""null_rows"": 0}, {""columns"": [""ID"", ""KCP""], ""distinct"": 567158, ""null_rows"": 0}, {""columns"": [""ID"", ""KATO"", ""OKED"", ""RMONTH"", ""RYEAR"", ""KCP"", ""SPVRP"", ""STKD"", ""SP""], ""distinct"": 943191, ""null_rows"": 1416073}]","{""RMONTH_outside_1_12"": 0, ""RMONTH_quarter_end_mismatch"": 0, ""RYEAR_path_mismatch"": 0}"
1t_kv/2023/2kv/2kv2023.csv,1t_kv,2023,1438249,10,True,True,True,33209,0,"[{""columns"": [""ID""], ""distinct"": 47956, ""null_rows"": 0}, {""columns"": [""ID"", ""KCP""], ""distinct"": 578566, ""null_rows"": 0}, {""columns"": [""ID"", ""KATO"", ""OKED"", ""RMONTH"", ""RYEAR"", ""KCP"", ""SPVRP"", ""STKD"", ""SP""], ""distinct"": 957774, ""null_rows"": 1438249}]","{""RMONTH_outside_1_12"": 0, ""RMONTH_quarter_end_mismatch"": 0, ""RYEAR_path_mismatch"": 0}"
1t_kv/2023/3kv/3kv2023.csv,1t_kv,2023,1468595,10,True,True,True,31253,0,"[{""columns"": [""ID""], ""distinct"": 48567, ""null_rows"": 0}, {""columns"": [""ID"", ""KCP""], ""distinct"": 591260, ""null_rows"": 0}, {""columns"": [""ID"", ""KATO"", ""OKED"", ""RMONTH"", ""RYEAR"", ""KCP"", ""SPVRP"", ""STKD"", ""SP""], ""distinct"": 987816, ""null_rows"": 1468595}]","{""RMONTH_outside_1_12"": 0, ""RMONTH_quarter_end_mismatch"": 0, ""RYEAR_path_mismatch"": 0}"
1t_kv/2023/4kv/4kv2023.csv,1t_kv,2023,1466320,16,True,True,True,38498,0,"[{""columns"": [""ID""], ""distinct"": 48775, ""null_rows"": 0}, {""columns"": [""ID"", ""KCP""], ""distinct"": 595475, ""null_rows"": 0}, {""columns"": [""ID"", ""RMONTH"", ""RYEAR"", ""KCP"", ""STKD"", ""SPTM1"", ""KATO1"", ""OKED1"", ""SPVRP"", ""SP"", ""KFS"", ""SPVD"", ""KOPF"", ""KSE"", ""KRP""], ""distinct"": 982153, ""null_rows"": 1466320}]","{""RMONTH_outside_1_12"": 0, ""RMONTH_quarter_end_mismatch"": 0, ""RYEAR_path_mismatch"": 0}"
1t_kv/2024/1kv/1t_kv_03_2024.csv,1t_kv,2024,1456083,10,True,True,True,37686,0,"[{""columns"": [""ID""], ""distinct"": 49424, ""null_rows"": 0}, {""columns"": [""ID"", ""KCP""], ""distinct"": 588276, ""null_rows"": 0}, {""columns"": [""ID"", ""RMONTH"", ""RYEAR"", ""KCP"", ""STKD"", ""SPTM1"", ""KATO1"", ""OKED1"", ""SP""], ""distinct"": 951460, ""null_rows"": 1094518}]","{""RMONTH_outside_1_12"": 0, ""RMONTH_quarter_end_mismatch"": 0, ""RYEAR_path_mismatch"": 0}"
1t_kv/2024/2kv/1t_kv_06_2024.csv,1t_kv,2024,1485615,10,True,True,True,39360,0,"[{""columns"": [""ID""], ""distinct"": 49495, ""null_rows"": 0}, {""columns"": [""ID"", ""KCP""], ""distinct"": 600141, ""null_rows"": 0}, {""columns"": [""ID"", ""RMONTH"", ""RYEAR"", ""KCP"", ""STKD"", ""SPTM1"", ""KATO1"", ""OKED1"", ""SP""], ""distinct"": 968584, ""null_rows"": 1119367}]","{""RMONTH_outside_1_12"": 0, ""RMONTH_quarter_end_mismatch"": 0, ""RYEAR_path_mismatch"": 0}"
1t_kv/2024/3kv/1t_kv_09_2024.csv,1t_kv,2024,1506346,10,True,True,True,37831,0,"[{""columns"": [""ID""], ""distinct"": 50237, ""null_rows"": 0}, {""columns"": [""ID"", ""KCP""], ""distinct"": 607815, ""null_rows"": 0}, {""columns"": [""ID"", ""RMONTH"", ""RYEAR"", ""KCP"", ""STKD"", ""SPTM1"", ""KATO1"", ""OKED1"", ""SP""], ""distinct"": 985794, ""null_rows"": 1140211}]","{""RMONTH_outside_1_12"": 0, ""RMONTH_quarter_end_mismatch"": 0, ""RYEAR_path_mismatch"": 0}"
1t_kv/2024/4kv/1t_kv_12_2024.csv,1t_kv,2024,1515869,10,True,True,True,35996,0,"[{""columns"": [""ID""], ""distinct"": 50784, ""null_rows"": 0}, {""columns"": [""ID"", ""KCP""], ""distinct"": 613709, ""null_rows"": 0}, {""columns"": [""ID"", ""RMONTH"", ""RYEAR"", ""KCP"", ""STKD"", ""SPTM1"", ""KATO1"", ""OKED1"", ""SP""], ""distinct"": 992217, ""null_rows"": 1145273}]","{""RMONTH_outside_1_12"": 0, ""RMONTH_quarter_end_mismatch"": 0, ""RYEAR_path_mismatch"": 0}"
2t/2021/2_t_oplata_truda_2021.csv,2t,2021,1884114,13,True,True,True,24102,0,"[{""columns"": [""ID""], ""distinct"": 15679, ""null_rows"": 0}, {""columns"": [""ID"", ""KCP""], ""distinct"": 62154, ""null_rows"": 0}, {""columns"": [""ID"", ""KCP"", ""KATO"", ""OKED"", ""GSDPRS"", ""SUO"", ""SH"", ""SVOT"", ""SP"", ""SM"", ""SRZHR"", ""SPPN2""], ""distinct"": 1746462, ""null_rows"": 1884114}]","{""SM_outside_1_12"": 695, ""SPPN2_future_year"": 117, ""SPPN2_before_year_minus_120"": 0}"
2t/2022/2_t_oplata_truda_2022.csv,2t,2022,1708363,16,True,True,True,532,0,"[{""columns"": [""ID""], ""distinct"": 14613, ""null_rows"": 0}, {""columns"": [""ID"", ""KCP""], ""distinct"": 57867, ""null_rows"": 0}, {""columns"": [""ID"", ""KCP"", ""RYEAR"", ""KATO"", ""OKED"", ""GSDPRS"", ""SUO"", ""SPPN1"", ""SH"", ""SPPN"", ""SVOT"", ""SP"", ""SM"", ""SRZHR"", ""SPPN2""], ""distinct"": 1700126, ""null_rows"": 1708363}]","{""RYEAR_path_mismatch"": 0, ""SPPN1_future_year"": 0, ""SPPN1_before_year_minus_120"": 0, ""SM_outside_1_12"": 0, ""SPPN2_future_year"": 0, ""SPPN2_before_year_minus_120"": 0}"
2t/2023/2_t_oplata_truda_2023.csv,2t,2023,1748127,16,True,True,True,796,0,"[{""columns"": [""ID""], ""distinct"": 15820, ""null_rows"": 0}, {""columns"": [""ID"", ""KCP""], ""distinct"": 62418, ""null_rows"": 0}, {""columns"": [""ID"", ""KATO"", ""OKED"", ""RYEAR"", ""KCP"", ""GSDPRS"", ""SUO"", ""SPPN1"", ""SH"", ""SPPN"", ""SVOT"", ""SP"", ""SM"", ""SRZHR"", ""SPPN2""], ""distinct"": 1738775, ""null_rows"": 1748127}]","{""RYEAR_path_mismatch"": 0, ""SPPN1_future_year"": 0, ""SPPN1_before_year_minus_120"": 0, ""SM_outside_1_12"": 0, ""SPPN2_future_year"": 0, ""SPPN2_before_year_minus_120"": 0}"
2t/2024/sr_2t_ot_god_04_2024_parol_2025.csv,2t,2024,1988210,20,True,True,True,343,0,"[{""columns"": [""ID""], ""distinct"": 17159, ""null_rows"": 0}, {""columns"": [""ID"", ""KCP""], ""distinct"": 67838, ""null_rows"": 0}, {""columns"": [""ID"", ""RMONTH"", ""RYEAR"", ""KCP"", ""SRZHR"", ""SPPN2"", ""SH"", ""SVOT"", ""GSDPRS"", ""KATO1"", ""OKED1"", ""SUO"", ""SPPN"", ""SM"", ""SP"", ""SPPN1"", ""SPTM"", ""GSGTPE"", ""SPVD""], ""distinct"": 1983901, ""null_rows"": 1988210}]","{""RMONTH_outside_1_12"": 0, ""RYEAR_path_mismatch"": 0, ""SPPN2_future_year"": 30, ""SPPN2_before_year_minus_120"": 0, ""SM_outside_1_12"": 1555, ""SPPN1_future_year"": 0, ""SPPN1_before_year_minus_120"": 0}"
d002/2021/ocenka.csv,d002,2021,11953,48,True,True,True,0,0,"[{""columns"": [""NOMER""], ""distinct"": 11953, ""null_rows"": 0}, {""columns"": [""NOMER"", ""NOMP""], ""distinct"": 11953, ""null_rows"": 0}]","{""GODO_path_mismatch"": 0}"
d002/2021/subject.csv,d002,2021,11953,52,True,True,True,0,0,"[{""columns"": [""NOMER""], ""distinct"": 11953, ""null_rows"": 0}, {""columns"": [""NOMER"", ""NOMP""], ""distinct"": 11953, ""null_rows"": 0}]","{""GODO_path_mismatch"": 0}"
d002/2022/ocenka.csv,d002,2022,11934,63,True,True,True,0,0,"[{""columns"": [""NOMER""], ""distinct"": 11934, ""null_rows"": 0}, {""columns"": [""NOMER"", ""NOMP""], ""distinct"": 11934, ""null_rows"": 0}]","{""GODO_path_mismatch"": 0}"
d002/2022/subject.csv,d002,2022,11934,48,True,True,True,0,0,"[{""columns"": [""NOMER""], ""distinct"": 11934, ""null_rows"": 0}, {""columns"": [""NOMER"", ""NOMP""], ""distinct"": 11934, ""null_rows"": 0}]","{""GODO_path_mismatch"": 0}"
d002/2023/ocenka.csv,d002,2023,11953,98,True,True,True,0,0,"[{""columns"": [""NOMER""], ""distinct"": 11953, ""null_rows"": 0}, {""columns"": [""NOMER"", ""NOMP""], ""distinct"": 11953, ""null_rows"": 0}]","{""GODO_path_mismatch"": 0}"
d002/2023/subject.csv,d002,2023,11953,75,True,True,True,0,0,"[{""columns"": [""NOMER""], ""distinct"": 11953, ""null_rows"": 0}, {""columns"": [""NOMER"", ""NOMP""], ""distinct"": 11953, ""null_rows"": 0}]","{""GODO_path_mismatch"": 0}"
d002/2024/ocenka.csv,d002,2024,11931,97,True,True,True,0,0,"[{""columns"": [""NOMER""], ""distinct"": 11931, ""null_rows"": 0}, {""columns"": [""NOMER"", ""NOMP""], ""distinct"": 11931, ""null_rows"": 0}]","{""GODO_path_mismatch"": 0}"
d002/2024/subject.csv,d002,2024,11931,75,True,True,True,0,0,"[{""columns"": [""NOMER""], ""distinct"": 11931, ""null_rows"": 0}, {""columns"": [""NOMER"", ""NOMP""], ""distinct"": 11931, ""null_rows"": 0}]","{""GODO_path_mismatch"": 0}"
d004/2021/1kv/kv_vopr0.csv,d004,2021,12000,6,True,True,True,0,0,"[{""columns"": [""NOMER""], ""distinct"": 12000, ""null_rows"": 0}]","{""KVARTAL_outside_1_4"": 0, ""KVARTAL_path_mismatch"": 0, ""GOD_path_mismatch"": 0}"
d004/2021/1kv/kv_vopr1.csv,d004,2021,268143,9,True,True,True,1322,0,"[{""columns"": [""NOMER""], ""distinct"": 11946, ""null_rows"": 0}, {""columns"": [""NOMER"", ""KODNU""], ""distinct"": 225746, ""null_rows"": 0}]","{""KVARTAL_outside_1_4"": 0, ""KVARTAL_path_mismatch"": 0, ""GOD_path_mismatch"": 0}"
d004/2021/1kv/kv_vopr10.csv,d004,2021,7653,12,True,True,True,0,0,"[{""columns"": [""NOMER""], ""distinct"": 4904, ""null_rows"": 0}, {""columns"": [""NOMER"", ""KODNU""], ""distinct"": 7111, ""null_rows"": 0}]","{""KVARTAL_outside_1_4"": 0, ""KVARTAL_path_mismatch"": 0, ""GOD_path_mismatch"": 0}"
d004/2021/1kv/kv_vopr11.csv,d004,2021,24680,33,True,True,True,0,0,"[{""columns"": [""NOMER""], ""distinct"": 11883, ""null_rows"": 0}, {""columns"": [""NOMER"", ""NOMP""], ""distinct"": 24680, ""null_rows"": 0}]","{""KVARTAL_outside_1_4"": 0, ""KVARTAL_path_mismatch"": 0, ""GOD_path_mismatch"": 0}"
d004/2021/1kv/kv_vopr12.csv,d004,2021,5601,9,True,True,True,35,0,"[{""columns"": [""NOMER""], ""distinct"": 3514, ""null_rows"": 0}, {""columns"": [""NOMER"", ""KODNU""], ""distinct"": 4819, ""null_rows"": 1332}]","{""KVARTAL_outside_1_4"": 0, ""KVARTAL_path_mismatch"": 0, ""GOD_path_mismatch"": 0}"
d004/2021/1kv/kv_vopr2.csv,d004,2021,63983,9,True,True,True,105,0,"[{""columns"": [""NOMER""], ""distinct"": 11945, ""null_rows"": 0}, {""columns"": [""NOMER"", ""KODNU""], ""distinct"": 58014, ""null_rows"": 0}]","{""KVARTAL_outside_1_4"": 0, ""KVARTAL_path_mismatch"": 0, ""GOD_path_mismatch"": 0}"
d004/2021/1kv/kv_vopr3.csv,d004,2021,26787,8,True,True,True,69,0,"[{""columns"": [""NOMER""], ""distinct"": 11919, ""null_rows"": 0}, {""columns"": [""NOMER"", ""KODNU""], ""distinct"": 25591, ""null_rows"": 0}]","{""KVARTAL_outside_1_4"": 0, ""KVARTAL_path_mismatch"": 0, ""GOD_path_mismatch"": 0}"
d004/2021/1kv/kv_vopr4.csv,d004,2021,1737,8,True,True,True,1,0,"[{""columns"": [""NOMER""], ""distinct"": 1510, ""null_rows"": 0}, {""columns"": [""NOMER"", ""KODNU""], ""distinct"": 1696, ""null_rows"": 0}]","{""KVARTAL_outside_1_4"": 0, ""KVARTAL_path_mismatch"": 0, ""GOD_path_mismatch"": 0}"
d004/2021/1kv/kv_vopr5.csv,d004,2021,5270,8,True,True,True,24,0,"[{""columns"": [""NOMER""], ""distinct"": 3686, ""null_rows"": 0}, {""columns"": [""NOMER"", ""KODNU""], ""distinct"": 5032, ""null_rows"": 0}]","{""KVARTAL_outside_1_4"": 0, ""KVARTAL_path_mismatch"": 0, ""GOD_path_mismatch"": 0}"
d004/2021/1kv/kv_vopr6.csv,d004,2021,36743,10,True,True,True,236,0,"[{""columns"": [""NOMER""], ""distinct"": 11448, ""null_rows"": 0}, {""columns"": [""NOMER"", ""KODNU""], ""distinct"": 32562, ""null_rows"": 0}]","{""KVARTAL_outside_1_4"": 0, ""KVARTAL_path_mismatch"": 0, ""GOD_path_mismatch"": 0}"
d004/2021/1kv/kv_vopr7.csv,d004,2021,14330,8,True,True,True,23,0,"[{""columns"": [""NOMER""], ""distinct"": 9320, ""null_rows"": 0}, {""columns"": [""NOMER"", ""KODNU""], ""distinct"": 13686, ""null_rows"": 0}]","{""KVARTAL_outside_1_4"": 0, ""KVARTAL_path_mismatch"": 0, ""GOD_path_mismatch"": 0}"
d004/2021/1kv/kv_vopr9.csv,d004,2021,51716,20,True,True,True,864,0,"[{""columns"": [""NOMER""], ""distinct"": 11943, ""null_rows"": 0}, {""columns"": [""NOMER"", ""KODNU""], ""distinct"": 17827, ""null_rows"": 45315}]","{""KVARTAL_outside_1_4"": 0, ""KVARTAL_path_mismatch"": 0, ""GOD_path_mismatch"": 0}"
d004/2021/2kv/kv_vopr0.csv,d004,2021,12000,6,True,True,True,0,0,"[{""columns"": [""NOMER""], ""distinct"": 12000, ""null_rows"": 0}]","{""KVARTAL_outside_1_4"": 0, ""KVARTAL_path_mismatch"": 0, ""GOD_path_mismatch"": 0}"
d004/2021/2kv/kv_vopr1.csv,d004,2021,274850,9,True,True,True,1335,0,"[{""columns"": [""NOMER""], ""distinct"": 11871, ""null_rows"": 0}, {""columns"": [""NOMER"", ""KODNU""], ""distinct"": 231743, ""null_rows"": 0}]","{""KVARTAL_outside_1_4"": 0, ""KVARTAL_path_mismatch"": 0, ""GOD_path_mismatch"": 0}"
d004/2021/2kv/kv_vopr10.csv,d004,2021,9732,12,True,True,True,1,0,"[{""columns"": [""NOMER""], ""distinct"": 5223, ""null_rows"": 0}, {""columns"": [""NOMER"", ""KODNU""], ""distinct"": 8988, ""null_rows"": 0}]","{""KVARTAL_outside_1_4"": 0, ""KVARTAL_path_mismatch"": 0, ""GOD_path_mismatch"": 0}"
d004/2021/2kv/kv_vopr11.csv,d004,2021,25109,33,True,True,True,0,0,"[{""columns"": [""NOMER""], ""distinct"": 11819, ""null_rows"": 0}, {""columns"": [""NOMER"", ""NOMP""], ""distinct"": 25109, ""null_rows"": 0}]","{""KVARTAL_outside_1_4"": 0, ""KVARTAL_path_mismatch"": 0, ""GOD_path_mismatch"": 0}"
d004/2021/2kv/kv_vopr12.csv,d004,2021,4972,9,True,True,True,26,0,"[{""columns"": [""NOMER""], ""distinct"": 3323, ""null_rows"": 0}, {""columns"": [""NOMER"", ""KODNU""], ""distinct"": 4293, ""null_rows"": 1095}]","{""KVARTAL_outside_1_4"": 0, ""KVARTAL_path_mismatch"": 0, ""GOD_path_mismatch"": 0}"
d004/2021/2kv/kv_vopr2.csv,d004,2021,62989,9,True,True,True,100,0,"[{""columns"": [""NOMER""], ""distinct"": 11873, ""null_rows"": 0}, {""columns"": [""NOMER"", ""KODNU""], ""distinct"": 57822, ""null_rows"": 0}]","{""KVARTAL_outside_1_4"": 0, ""KVARTAL_path_mismatch"": 0, ""GOD_path_mismatch"": 0}"
d004/2021/2kv/kv_vopr3.csv,d004,2021,26496,8,True,True,True,75,0,"[{""columns"": [""NOMER""], ""distinct"": 11868, ""null_rows"": 0}, {""columns"": [""NOMER"", ""KODNU""], ""distinct"": 25271, ""null_rows"": 0}]","{""KVARTAL_outside_1_4"": 0, ""KVARTAL_path_mismatch"": 0, ""GOD_path_mismatch"": 0}"
d004/2021/2kv/kv_vopr4.csv,d004,2021,1595,8,True,True,True,1,0,"[{""columns"": [""NOMER""], ""distinct"": 1431, ""null_rows"": 0}, {""columns"": [""NOMER"", ""KODNU""], ""distinct"": 1569, ""null_rows"": 0}]","{""KVARTAL_outside_1_4"": 0, ""KVARTAL_path_mismatch"": 0, ""GOD_path_mismatch"": 0}"
d004/2021/2kv/kv_vopr5.csv,d004,2021,5032,8,True,True,True,21,0,"[{""columns"": [""NOMER""], ""distinct"": 3435, ""null_rows"": 0}, {""columns"": [""NOMER"", ""KODNU""], ""distinct"": 4793, ""null_rows"": 0}]","{""KVARTAL_outside_1_4"": 0, ""KVARTAL_path_mismatch"": 0, ""GOD_path_mismatch"": 0}"
d004/2021/2kv/kv_vopr6.csv,d004,2021,38414,10,True,True,True,271,0,"[{""columns"": [""NOMER""], ""distinct"": 11373, ""null_rows"": 0}, {""columns"": [""NOMER"", ""KODNU""], ""distinct"": 33834, ""null_rows"": 0}]","{""KVARTAL_outside_1_4"": 0, ""KVARTAL_path_mismatch"": 0, ""GOD_path_mismatch"": 0}"
d004/2021/2kv/kv_vopr7.csv,d004,2021,14451,8,True,True,True,23,0,"[{""columns"": [""NOMER""], ""distinct"": 9301, ""null_rows"": 0}, {""columns"": [""NOMER"", ""KODNU""], ""distinct"": 13811, ""null_rows"": 0}]","{""KVARTAL_outside_1_4"": 0, ""KVARTAL_path_mismatch"": 0, ""GOD_path_mismatch"": 0}"
d004/2021/2kv/kv_vopr9.csv,d004,2021,61093,20,True,True,True,1770,0,"[{""columns"": [""NOMER""], ""distinct"": 11861, ""null_rows"": 0}, {""columns"": [""NOMER"", ""KODNU""], ""distinct"": 25159, ""null_rows"": 46089}]","{""KVARTAL_outside_1_4"": 0, ""KVARTAL_path_mismatch"": 0, ""GOD_path_mismatch"": 0}"
d004/2021/3kv/kv_vopr0.csv,d004,2021,12000,6,True,True,True,0,0,"[{""columns"": [""NOMER""], ""distinct"": 12000, ""null_rows"": 0}]","{""KVARTAL_outside_1_4"": 0, ""KVARTAL_path_mismatch"": 0, ""GOD_path_mismatch"": 0}"
d004/2021/3kv/kv_vopr1.csv,d004,2021,291409,9,True,True,True,1438,0,"[{""columns"": [""NOMER""], ""distinct"": 11728, ""null_rows"": 0}, {""columns"": [""NOMER"", ""KODNU""], ""distinct"": 246676, ""null_rows"": 0}]","{""KVARTAL_outside_1_4"": 0, ""KVARTAL_path_mismatch"": 0, ""GOD_path_mismatch"": 0}"
d004/2021/3kv/kv_vopr10.csv,d004,2021,16047,12,True,True,True,0,0,"[{""columns"": [""NOMER""], ""distinct"": 6264, ""null_rows"": 0}, {""columns"": [""NOMER"", ""KODNU""], ""distinct"": 14391, ""null_rows"": 0}]","{""KVARTAL_outside_1_4"": 0, ""KVARTAL_path_mismatch"": 0, ""GOD_path_mismatch"": 0}"
d004/2021/3kv/kv_vopr11.csv,d004,2021,24735,33,True,True,True,0,0,"[{""columns"": [""NOMER""], ""distinct"": 11651, ""null_rows"": 0}, {""columns"": [""NOMER"", ""NOMP""], ""distinct"": 24735, ""null_rows"": 0}]","{""KVARTAL_outside_1_4"": 0, ""KVARTAL_path_mismatch"": 0, ""GOD_path_mismatch"": 0}"
d004/2021/3kv/kv_vopr12.csv,d004,2021,5193,9,True,True,True,26,0,"[{""columns"": [""NOMER""], ""distinct"": 3293, ""null_rows"": 0}, {""columns"": [""NOMER"", ""KODNU""], ""distinct"": 4424, ""null_rows"": 1284}]","{""KVARTAL_outside_1_4"": 0, ""KVARTAL_path_mismatch"": 0, ""GOD_path_mismatch"": 0}"
d004/2021/3kv/kv_vopr2.csv,d004,2021,59264,9,True,True,True,120,0,"[{""columns"": [""NOMER""], ""distinct"": 11724, ""null_rows"": 0}, {""columns"": [""NOMER"", ""KODNU""], ""distinct"": 54088, ""null_rows"": 0}]","{""KVARTAL_outside_1_4"": 0, ""KVARTAL_path_mismatch"": 0, ""GOD_path_mismatch"": 0}"
d004/2021/3kv/kv_vopr3.csv,d004,2021,26224,8,True,True,True,69,0,"[{""columns"": [""NOMER""], ""distinct"": 11712, ""null_rows"": 0}, {""columns"": [""NOMER"", ""KODNU""], ""distinct"": 25036, ""null_rows"": 0}]","{""KVARTAL_outside_1_4"": 0, ""KVARTAL_path_mismatch"": 0, ""GOD_path_mismatch"": 0}"
d004/2021/3kv/kv_vopr4.csv,d004,2021,1651,8,True,True,True,0,0,"[{""columns"": [""NOMER""], ""distinct"": 1450, ""null_rows"": 0}, {""columns"": [""NOMER"", ""KODNU""], ""distinct"": 1607, ""null_rows"": 0}]","{""KVARTAL_outside_1_4"": 0, ""KVARTAL_path_mismatch"": 0, ""GOD_path_mismatch"": 0}"
d004/2021/3kv/kv_vopr5.csv,d004,2021,5062,8,True,True,True,21,0,"[{""columns"": [""NOMER""], ""distinct"": 3439, ""null_rows"": 0}, {""columns"": [""NOMER"", ""KODNU""], ""distinct"": 4832, ""null_rows"": 0}]","{""KVARTAL_outside_1_4"": 0, ""KVARTAL_path_mismatch"": 0, ""GOD_path_mismatch"": 0}"
d004/2021/3kv/kv_vopr6.csv,d004,2021,41746,10,True,True,True,253,0,"[{""columns"": [""NOMER""], ""distinct"": 11410, ""null_rows"": 0}, {""columns"": [""NOMER"", ""KODNU""], ""distinct"": 36827, ""null_rows"": 0}]","{""KVARTAL_outside_1_4"": 0, ""KVARTAL_path_mismatch"": 0, ""GOD_path_mismatch"": 0}"
d004/2021/3kv/kv_vopr7.csv,d004,2021,14734,8,True,True,True,31,0,"[{""columns"": [""NOMER""], ""distinct"": 9196, ""null_rows"": 0}, {""columns"": [""NOMER"", ""KODNU""], ""distinct"": 13927, ""null_rows"": 0}]","{""KVARTAL_outside_1_4"": 0, ""KVARTAL_path_mismatch"": 0, ""GOD_path_mismatch"": 0}"
d004/2021/3kv/kv_vopr9.csv,d004,2021,69775,20,True,True,True,1660,0,"[{""columns"": [""NOMER""], ""distinct"": 11709, ""null_rows"": 0}, {""columns"": [""NOMER"", ""KODNU""], ""distinct"": 33199, ""null_rows"": 45002}]","{""KVARTAL_outside_1_4"": 0, ""KVARTAL_path_mismatch"": 0, ""GOD_path_mismatch"": 0}"
d004/2021/4kv/kv_vopr0.csv,d004,2021,12000,6,True,True,True,0,0,"[{""columns"": [""NOMER""], ""distinct"": 12000, ""null_rows"": 0}]","{""KVARTAL_outside_1_4"": 0, ""KVARTAL_path_mismatch"": 0, ""GOD_path_mismatch"": 0}"
d004/2021/4kv/kv_vopr1.csv,d004,2021,258042,9,True,True,True,1213,0,"[{""columns"": [""NOMER""], ""distinct"": 11618, ""null_rows"": 0}, {""columns"": [""NOMER"", ""KODNU""], ""distinct"": 217311, ""null_rows"": 0}]","{""KVARTAL_outside_1_4"": 0, ""KVARTAL_path_mismatch"": 0, ""GOD_path_mismatch"": 0}"
d004/2021/4kv/kv_vopr10.csv,d004,2021,8677,12,True,True,True,0,0,"[{""columns"": [""NOMER""], ""distinct"": 4897, ""null_rows"": 0}, {""columns"": [""NOMER"", ""KODNU""], ""distinct"": 8052, ""null_rows"": 0}]","{""KVARTAL_outside_1_4"": 0, ""KVARTAL_path_mismatch"": 0, ""GOD_path_mismatch"": 0}"
d004/2021/4kv/kv_vopr11.csv,d004,2021,24558,33,True,True,True,0,0,"[{""columns"": [""NOMER""], ""distinct"": 11535, ""null_rows"": 0}, {""columns"": [""NOMER"", ""NOMP""], ""distinct"": 24558, ""null_rows"": 0}]","{""KVARTAL_outside_1_4"": 0, ""KVARTAL_path_mismatch"": 0, ""GOD_path_mismatch"": 0}"
d004/2021/4kv/kv_vopr12.csv,d004,2021,4633,9,True,True,True,23,0,"[{""columns"": [""NOMER""], ""distinct"": 3062, ""null_rows"": 0}, {""columns"": [""NOMER"", ""KODNU""], ""distinct"": 4013, ""null_rows"": 1054}]","{""KVARTAL_outside_1_4"": 0, ""KVARTAL_path_mismatch"": 0, ""GOD_path_mismatch"": 0}"
d004/2021/4kv/kv_vopr2.csv,d004,2021,64216,9,True,True,True,121,0,"[{""columns"": [""NOMER""], ""distinct"": 11625, ""null_rows"": 0}, {""columns"": [""NOMER"", ""KODNU""], ""distinct"": 58262, ""null_rows"": 0}]","{""KVARTAL_outside_1_4"": 0, ""KVARTAL_path_mismatch"": 0, ""GOD_path_mismatch"": 0}"
d004/2021/4kv/kv_vopr3.csv,d004,2021,26251,8,True,True,True,57,0,"[{""columns"": [""NOMER""], ""distinct"": 11612, ""null_rows"": 0}, {""columns"": [""NOMER"", ""KODNU""], ""distinct"": 25126, ""null_rows"": 0}]","{""KVARTAL_outside_1_4"": 0, ""KVARTAL_path_mismatch"": 0, ""GOD_path_mismatch"": 0}"
d004/2021/4kv/kv_vopr4.csv,d004,2021,1897,8,True,True,True,1,0,"[{""columns"": [""NOMER""], ""distinct"": 1612, ""null_rows"": 0}, {""columns"": [""NOMER"", ""KODNU""], ""distinct"": 1854, ""null_rows"": 0}]","{""KVARTAL_outside_1_4"": 0, ""KVARTAL_path_mismatch"": 0, ""GOD_path_mismatch"": 0}"
d004/2021/4kv/kv_vopr5.csv,d004,2021,4577,8,True,True,True,12,0,"[{""columns"": [""NOMER""], ""distinct"": 3162, ""null_rows"": 0}, {""columns"": [""NOMER"", ""KODNU""], ""distinct"": 4362, ""null_rows"": 0}]","{""KVARTAL_outside_1_4"": 0, ""KVARTAL_path_mismatch"": 0, ""GOD_path_mismatch"": 0}"
d004/2021/4kv/kv_vopr6.csv,d004,2021,37212,10,True,True,True,213,0,"[{""columns"": [""NOMER""], ""distinct"": 11138, ""null_rows"": 0}, {""columns"": [""NOMER"", ""KODNU""], ""distinct"": 32971, ""null_rows"": 0}]","{""KVARTAL_outside_1_4"": 0, ""KVARTAL_path_mismatch"": 0, ""GOD_path_mismatch"": 0}"
d004/2021/4kv/kv_vopr7.csv,d004,2021,14110,8,True,True,True,31,0,"[{""columns"": [""NOMER""], ""distinct"": 8944, ""null_rows"": 0}, {""columns"": [""NOMER"", ""KODNU""], ""distinct"": 13476, ""null_rows"": 0}]","{""KVARTAL_outside_1_4"": 0, ""KVARTAL_path_mismatch"": 0, ""GOD_path_mismatch"": 0}"
d004/2021/4kv/kv_vopr9.csv,d004,2021,53301,20,True,True,True,581,0,"[{""columns"": [""NOMER""], ""distinct"": 11604, ""null_rows"": 0}, {""columns"": [""NOMER"", ""KODNU""], ""distinct"": 19187, ""null_rows"": 45012}]","{""KVARTAL_outside_1_4"": 0, ""KVARTAL_path_mismatch"": 0, ""GOD_path_mismatch"": 0}"
d004/2022/1kv/kv_vopr0.csv,d004,2022,12000,6,True,True,True,0,0,"[{""columns"": [""NOMER""], ""distinct"": 12000, ""null_rows"": 0}]","{""KVARTAL_outside_1_4"": 0, ""KVARTAL_path_mismatch"": 0, ""GOD_path_mismatch"": 0}"
d004/2022/1kv/kv_vopr1.csv,d004,2022,270907,9,True,True,True,1194,0,"[{""columns"": [""NOMER""], ""distinct"": 11934, ""null_rows"": 0}, {""columns"": [""NOMER"", ""KODNU""], ""distinct"": 229545, ""null_rows"": 0}]","{""KVARTAL_outside_1_4"": 0, ""KVARTAL_path_mismatch"": 0, ""GOD_path_mismatch"": 0}"
d004/2022/1kv/kv_vopr10.csv,d004,2022,7956,11,True,True,True,0,0,"[{""columns"": [""NOMER""], ""distinct"": 4968, ""null_rows"": 0}, {""columns"": [""NOMER"", ""KODNU""], ""distinct"": 7525, ""null_rows"": 0}]","{""KVARTAL_outside_1_4"": 0, ""KVARTAL_path_mismatch"": 0, ""GOD_path_mismatch"": 0}"
d004/2022/1kv/kv_vopr11.csv,d004,2022,24874,33,True,True,True,0,0,"[{""columns"": [""NOMER""], ""distinct"": 11879, ""null_rows"": 0}, {""columns"": [""NOMER"", ""NOMP""], ""distinct"": 24874, ""null_rows"": 0}]","{""KVARTAL_outside_1_4"": 0, ""KVARTAL_path_mismatch"": 0, ""GOD_path_mismatch"": 0}"
d004/2022/1kv/kv_vopr12.csv,d004,2022,5692,9,True,True,True,44,0,"[{""columns"": [""NOMER""], ""distinct"": 3766, ""null_rows"": 0}, {""columns"": [""NOMER"", ""KODNU""], ""distinct"": 4948, ""null_rows"": 1211}]","{""KVARTAL_outside_1_4"": 0, ""KVARTAL_path_mismatch"": 0, ""GOD_path_mismatch"": 0}"
d004/2022/1kv/kv_vopr2.csv,d004,2022,63392,9,True,True,True,70,0,"[{""columns"": [""NOMER""], ""distinct"": 11934, ""null_rows"": 0}, {""columns"": [""NOMER"", ""KODNU""], ""distinct"": 59658, ""null_rows"": 0}]","{""KVARTAL_outside_1_4"": 0, ""KVARTAL_path_mismatch"": 0, ""GOD_path_mismatch"": 0}"
d004/2022/1kv/kv_vopr3.csv,d004,2022,27068,8,True,True,True,101,0,"[{""columns"": [""NOMER""], ""distinct"": 11934, ""null_rows"": 0}, {""columns"": [""NOMER"", ""KODNU""], ""distinct"": 25143, ""null_rows"": 0}]","{""KVARTAL_outside_1_4"": 0, ""KVARTAL_path_mismatch"": 0, ""GOD_path_mismatch"": 0}"
d004/2022/1kv/kv_vopr4.csv,d004,2022,2583,8,True,True,True,0,0,"[{""columns"": [""NOMER""], ""distinct"": 2122, ""null_rows"": 0}, {""columns"": [""NOMER"", ""KODNU""], ""distinct"": 2503, ""null_rows"": 0}]","{""KVARTAL_outside_1_4"": 0, ""KVARTAL_path_mismatch"": 0, ""GOD_path_mismatch"": 0}"
d004/2022/1kv/kv_vopr5.csv,d004,2022,4361,8,True,True,True,9,0,"[{""columns"": [""NOMER""], ""distinct"": 3228, ""null_rows"": 0}, {""columns"": [""NOMER"", ""KODNU""], ""distinct"": 4198, ""null_rows"": 0}]","{""KVARTAL_outside_1_4"": 0, ""KVARTAL_path_mismatch"": 0, ""GOD_path_mismatch"": 0}"
d004/2022/1kv/kv_vopr6.csv,d004,2022,39345,10,True,True,True,191,0,"[{""columns"": [""NOMER""], ""distinct"": 11344, ""null_rows"": 0}, {""columns"": [""NOMER"", ""KODNU""], ""distinct"": 35212, ""null_rows"": 0}]","{""KVARTAL_outside_1_4"": 0, ""KVARTAL_path_mismatch"": 0, ""GOD_path_mismatch"": 0}"
d004/2022/1kv/kv_vopr7.csv,d004,2022,15010,8,True,True,True,26,0,"[{""columns"": [""NOMER""], ""distinct"": 9439, ""null_rows"": 0}, {""columns"": [""NOMER"", ""KODNU""], ""distinct"": 14259, ""null_rows"": 0}]","{""KVARTAL_outside_1_4"": 0, ""KVARTAL_path_mismatch"": 0, ""GOD_path_mismatch"": 0}"
d004/2022/1kv/kv_vopr9.csv,d004,2022,52913,19,True,True,True,786,0,"[{""columns"": [""NOMER""], ""distinct"": 11935, ""null_rows"": 0}, {""columns"": [""NOMER"", ""KODNU""], ""distinct"": 18196, ""null_rows"": 46157}]","{""KVARTAL_outside_1_4"": 0, ""KVARTAL_path_mismatch"": 0, ""GOD_path_mismatch"": 0}"
d004/2022/2kv/kv_vopr0.csv,d004,2022,12000,6,True,True,True,0,0,"[{""columns"": [""NOMER""], ""distinct"": 12000, ""null_rows"": 0}]","{""KVARTAL_outside_1_4"": 0, ""KVARTAL_path_mismatch"": 0, ""GOD_path_mismatch"": 0}"
d004/2022/2kv/kv_vopr1.csv,d004,2022,274264,9,True,True,True,1212,0,"[{""columns"": [""NOMER""], ""distinct"": 11858, ""null_rows"": 0}, {""columns"": [""NOMER"", ""KODNU""], ""distinct"": 231384, ""null_rows"": 0}]","{""KVARTAL_outside_1_4"": 0, ""KVARTAL_path_mismatch"": 0, ""GOD_path_mismatch"": 0}"
d004/2022/2kv/kv_vopr10.csv,d004,2022,9821,11,True,True,True,0,0,"[{""columns"": [""NOMER""], ""distinct"": 5117, ""null_rows"": 0}, {""columns"": [""NOMER"", ""KODNU""], ""distinct"": 9131, ""null_rows"": 0}]","{""KVARTAL_outside_1_4"": 0, ""KVARTAL_path_mismatch"": 0, ""GOD_path_mismatch"": 0}"
d004/2022/2kv/kv_vopr11.csv,d004,2022,25130,33,True,True,True,0,0,"[{""columns"": [""NOMER""], ""distinct"": 11808, ""null_rows"": 0}, {""columns"": [""NOMER"", ""NOMP""], ""distinct"": 25130, ""null_rows"": 0}]","{""KVARTAL_outside_1_4"": 0, ""KVARTAL_path_mismatch"": 0, ""GOD_path_mismatch"": 0}"
d004/2022/2kv/kv_vopr12.csv,d004,2022,5243,9,True,True,True,38,0,"[{""columns"": [""NOMER""], ""distinct"": 3543, ""null_rows"": 0}, {""columns"": [""NOMER"", ""KODNU""], ""distinct"": 4592, ""null_rows"": 1105}]","{""KVARTAL_outside_1_4"": 0, ""KVARTAL_path_mismatch"": 0, ""GOD_path_mismatch"": 0}"
d004/2022/2kv/kv_vopr2.csv,d004,2022,61482,9,True,True,True,64,0,"[{""columns"": [""NOMER""], ""distinct"": 11853, ""null_rows"": 0}, {""columns"": [""NOMER"", ""KODNU""], ""distinct"": 58069, ""null_rows"": 0}]","{""KVARTAL_outside_1_4"": 0, ""KVARTAL_path_mismatch"": 0, ""GOD_path_mismatch"": 0}"
d004/2022/2kv/kv_vopr3.csv,d004,2022,27272,8,True,True,True,74,0,"[{""columns"": [""NOMER""], ""distinct"": 11849, ""null_rows"": 0}, {""columns"": [""NOMER"", ""KODNU""], ""distinct"": 25314, ""null_rows"": 0}]","{""KVARTAL_outside_1_4"": 0, ""KVARTAL_path_mismatch"": 0, ""GOD_path_mismatch"": 0}"
d004/2022/2kv/kv_vopr4.csv,d004,2022,2190,8,True,True,True,3,0,"[{""columns"": [""NOMER""], ""distinct"": 1862, ""null_rows"": 0}, {""columns"": [""NOMER"", ""KODNU""], ""distinct"": 2110, ""null_rows"": 0}]","{""KVARTAL_outside_1_4"": 0, ""KVARTAL_path_mismatch"": 0, ""GOD_path_mismatch"": 0}"
d004/2022/2kv/kv_vopr5.csv,d004,2022,5146,8,True,True,True,14,0,"[{""columns"": [""NOMER""], ""distinct"": 3715, ""null_rows"": 0}, {""columns"": [""NOMER"", ""KODNU""], ""distinct"": 4909, ""null_rows"": 0}]","{""KVARTAL_outside_1_4"": 0, ""KVARTAL_path_mismatch"": 0, ""GOD_path_mismatch"": 0}"
d004/2022/2kv/kv_vopr6.csv,d004,2022,40721,10,True,True,True,230,0,"[{""columns"": [""NOMER""], ""distinct"": 11276, ""null_rows"": 0}, {""columns"": [""NOMER"", ""KODNU""], ""distinct"": 36119, ""null_rows"": 0}]","{""KVARTAL_outside_1_4"": 0, ""KVARTAL_path_mismatch"": 0, ""GOD_path_mismatch"": 0}"
d004/2022/2kv/kv_vopr7.csv,d004,2022,15382,8,True,True,True,46,0,"[{""columns"": [""NOMER""], ""distinct"": 9620, ""null_rows"": 0}, {""columns"": [""NOMER"", ""KODNU""], ""distinct"": 14583, ""null_rows"": 0}]","{""KVARTAL_outside_1_4"": 0, ""KVARTAL_path_mismatch"": 0, ""GOD_path_mismatch"": 0}"
d004/2022/2kv/kv_vopr9.csv,d004,2022,60299,19,True,True,True,1945,0,"[{""columns"": [""NOMER""], ""distinct"": 11843, ""null_rows"": 0}, {""columns"": [""NOMER"", ""KODNU""], ""distinct"": 24838, ""null_rows"": 45677}]","{""KVARTAL_outside_1_4"": 0, ""KVARTAL_path_mismatch"": 0, ""GOD_path_mismatch"": 0}"
d004/2022/3kv/kv_vopr0.csv,d004,2022,12000,6,True,True,True,0,0,"[{""columns"": [""NOMER""], ""distinct"": 12000, ""null_rows"": 0}]","{""KVARTAL_outside_1_4"": 0, ""KVARTAL_path_mismatch"": 0, ""GOD_path_mismatch"": 0}"
d004/2022/3kv/kv_vopr1.csv,d004,2022,297560,8,True,True,True,1484,0,"[{""columns"": [""NOMER""], ""distinct"": 11788, ""null_rows"": 0}, {""columns"": [""NOMER"", ""KODNU""], ""distinct"": 251428, ""null_rows"": 0}]","{""KVARTAL_outside_1_4"": 0, ""KVARTAL_path_mismatch"": 0, ""GOD_path_mismatch"": 0}"
d004/2022/3kv/kv_vopr10.csv,d004,2022,15783,11,True,True,True,1,0,"[{""columns"": [""NOMER""], ""distinct"": 6355, ""null_rows"": 0}, {""columns"": [""NOMER"", ""KODNU""], ""distinct"": 14411, ""null_rows"": 0}]","{""KVARTAL_outside_1_4"": 0, ""KVARTAL_path_mismatch"": 0, ""GOD_path_mismatch"": 0}"
d004/2022/3kv/kv_vopr11.csv,d004,2022,25088,33,True,True,True,0,0,"[{""columns"": [""NOMER""], ""distinct"": 11737, ""null_rows"": 0}, {""columns"": [""NOMER"", ""NOMP""], ""distinct"": 25088, ""null_rows"": 0}]","{""KVARTAL_outside_1_4"": 0, ""KVARTAL_path_mismatch"": 0, ""GOD_path_mismatch"": 0}"
d004/2022/3kv/kv_vopr12.csv,d004,2022,6366,9,True,True,True,44,0,"[{""columns"": [""NOMER""], ""distinct"": 3440, ""null_rows"": 0}, {""columns"": [""NOMER"", ""KODNU""], ""distinct"": 5128, ""null_rows"": 2352}]","{""KVARTAL_outside_1_4"": 0, ""KVARTAL_path_mismatch"": 0, ""GOD_path_mismatch"": 0}"
d004/2022/3kv/kv_vopr2.csv,d004,2022,58844,9,True,True,True,70,0,"[{""columns"": [""NOMER""], ""distinct"": 11792, ""null_rows"": 0}, {""columns"": [""NOMER"", ""KODNU""], ""distinct"": 55517, ""null_rows"": 0}]","{""KVARTAL_outside_1_4"": 0, ""KVARTAL_path_mismatch"": 0, ""GOD_path_mismatch"": 0}"
d004/2022/3kv/kv_vopr3.csv,d004,2022,26662,8,True,True,True,101,0,"[{""columns"": [""NOMER""], ""distinct"": 11781, ""null_rows"": 0}, {""columns"": [""NOMER"", ""KODNU""], ""distinct"": 24705, ""null_rows"": 0}]","{""KVARTAL_outside_1_4"": 0, ""KVARTAL_path_mismatch"": 0, ""GOD_path_mismatch"": 0}"
d004/2022/3kv/kv_vopr4.csv,d004,2022,2163,8,True,True,True,3,0,"[{""columns"": [""NOMER""], ""distinct"": 1859, ""null_rows"": 0}, {""columns"": [""NOMER"", ""KODNU""], ""distinct"": 2117, ""null_rows"": 0}]","{""KVARTAL_outside_1_4"": 0, ""KVARTAL_path_mismatch"": 0, ""GOD_path_mismatch"": 0}"
d004/2022/3kv/kv_vopr5.csv,d004,2022,4693,8,True,True,True,22,0,"[{""columns"": [""NOMER""], ""distinct"": 3403, ""null_rows"": 0}, {""columns"": [""NOMER"", ""KODNU""], ""distinct"": 4504, ""null_rows"": 0}]","{""KVARTAL_outside_1_4"": 0, ""KVARTAL_path_mismatch"": 0, ""GOD_path_mismatch"": 0}"
d004/2022/3kv/kv_vopr6.csv,d004,2022,46226,10,True,True,True,274,0,"[{""columns"": [""NOMER""], ""distinct"": 11449, ""null_rows"": 0}, {""columns"": [""NOMER"", ""KODNU""], ""distinct"": 40866, ""null_rows"": 0}]","{""KVARTAL_outside_1_4"": 0, ""KVARTAL_path_mismatch"": 0, ""GOD_path_mismatch"": 0}"
d004/2022/3kv/kv_vopr7.csv,d004,2022,15607,8,True,True,True,44,0,"[{""columns"": [""NOMER""], ""distinct"": 9404, ""null_rows"": 0}, {""columns"": [""NOMER"", ""KODNU""], ""distinct"": 14751, ""null_rows"": 0}]","{""KVARTAL_outside_1_4"": 0, ""KVARTAL_path_mismatch"": 0, ""GOD_path_mismatch"": 0}"
d004/2022/3kv/kv_vopr9.csv,d004,2022,70719,19,True,True,True,1420,0,"[{""columns"": [""NOMER""], ""distinct"": 11782, ""null_rows"": 0}, {""columns"": [""NOMER"", ""KODNU""], ""distinct"": 33244, ""null_rows"": 46111}]","{""KVARTAL_outside_1_4"": 0, ""KVARTAL_path_mismatch"": 0, ""GOD_path_mismatch"": 0}"
d004/2022/4kv/kv_vopr0.csv,d004,2022,12000,6,True,True,True,0,0,"[{""columns"": [""NOMER""], ""distinct"": 12000, ""null_rows"": 0}]","{""KVARTAL_outside_1_4"": 0, ""KVARTAL_path_mismatch"": 0, ""GOD_path_mismatch"": 0}"
d004/2022/4kv/kv_vopr1.csv,d004,2022,262008,9,True,True,True,1215,0,"[{""columns"": [""NOMER""], ""distinct"": 11731, ""null_rows"": 0}, {""columns"": [""NOMER"", ""KODNU""], ""distinct"": 221896, ""null_rows"": 0}]","{""KVARTAL_outside_1_4"": 0, ""KVARTAL_path_mismatch"": 0, ""GOD_path_mismatch"": 0}"
d004/2022/4kv/kv_vopr10.csv,d004,2022,8501,11,True,True,True,0,0,"[{""columns"": [""NOMER""], ""distinct"": 4863, ""null_rows"": 0}, {""columns"": [""NOMER"", ""KODNU""], ""distinct"": 8013, ""null_rows"": 0}]","{""KVARTAL_outside_1_4"": 0, ""KVARTAL_path_mismatch"": 0, ""GOD_path_mismatch"": 0}"
d004/2022/4kv/kv_vopr11.csv,d004,2022,25045,33,True,True,True,0,0,"[{""columns"": [""NOMER""], ""distinct"": 11671, ""null_rows"": 0}, {""columns"": [""NOMER"", ""NOMP""], ""distinct"": 25045, ""null_rows"": 0}]","{""KVARTAL_outside_1_4"": 0, ""KVARTAL_path_mismatch"": 0, ""GOD_path_mismatch"": 0}"
d004/2022/4kv/kv_vopr12.csv,d004,2022,4937,9,True,True,True,28,0,"[{""columns"": [""NOMER""], ""distinct"": 3300, ""null_rows"": 0}, {""columns"": [""NOMER"", ""KODNU""], ""distinct"": 4301, ""null_rows"": 1057}]","{""KVARTAL_outside_1_4"": 0, ""KVARTAL_path_mismatch"": 0, ""GOD_path_mismatch"": 0}"
d004/2022/4kv/kv_vopr2.csv,d004,2022,63636,9,True,True,True,94,0,"[{""columns"": [""NOMER""], ""distinct"": 11730, ""null_rows"": 0}, {""columns"": [""NOMER"", ""KODNU""], ""distinct"": 59228, ""null_rows"": 0}]","{""KVARTAL_outside_1_4"": 0, ""KVARTAL_path_mismatch"": 0, ""GOD_path_mismatch"": 0}"
d004/2022/4kv/kv_vopr3.csv,d004,2022,26760,8,True,True,True,97,0,"[{""columns"": [""NOMER""], ""distinct"": 11711, ""null_rows"": 0}, {""columns"": [""NOMER"", ""KODNU""], ""distinct"": 24855, ""null_rows"": 0}]","{""KVARTAL_outside_1_4"": 0, ""KVARTAL_path_mismatch"": 0, ""GOD_path_mismatch"": 0}"
d004/2022/4kv/kv_vopr4.csv,d004,2022,2369,8,True,True,True,4,0,"[{""columns"": [""NOMER""], ""distinct"": 2059, ""null_rows"": 0}, {""columns"": [""NOMER"", ""KODNU""], ""distinct"": 2305, ""null_rows"": 0}]","{""KVARTAL_outside_1_4"": 0, ""KVARTAL_path_mismatch"": 0, ""GOD_path_mismatch"": 0}"
d004/2022/4kv/kv_vopr5.csv,d004,2022,4350,8,True,True,True,11,0,"[{""columns"": [""NOMER""], ""distinct"": 3206, ""null_rows"": 0}, {""columns"": [""NOMER"", ""KODNU""], ""distinct"": 4183, ""null_rows"": 0}]","{""KVARTAL_outside_1_4"": 0, ""KVARTAL_path_mismatch"": 0, ""GOD_path_mismatch"": 0}"
d004/2022/4kv/kv_vopr6.csv,d004,2022,40246,10,True,True,True,225,0,"[{""columns"": [""NOMER""], ""distinct"": 11182, ""null_rows"": 0}, {""columns"": [""NOMER"", ""KODNU""], ""distinct"": 35811, ""null_rows"": 0}]","{""KVARTAL_outside_1_4"": 0, ""KVARTAL_path_mismatch"": 0, ""GOD_path_mismatch"": 0}"
d004/2022/4kv/kv_vopr7.csv,d004,2022,15263,8,True,True,True,38,0,"[{""columns"": [""NOMER""], ""distinct"": 9327, ""null_rows"": 0}, {""columns"": [""NOMER"", ""KODNU""], ""distinct"": 14397, ""null_rows"": 0}]","{""KVARTAL_outside_1_4"": 0, ""KVARTAL_path_mismatch"": 0, ""GOD_path_mismatch"": 0}"
d004/2022/4kv/kv_vopr9.csv,d004,2022,52967,19,True,True,True,711,0,"[{""columns"": [""NOMER""], ""distinct"": 11724, ""null_rows"": 0}, {""columns"": [""NOMER"", ""KODNU""], ""distinct"": 19104, ""null_rows"": 44932}]","{""KVARTAL_outside_1_4"": 0, ""KVARTAL_path_mismatch"": 0, ""GOD_path_mismatch"": 0}"
d004/2023/1kv/kv_vopr0.csv,d004,2023,12000,6,True,True,True,0,0,"[{""columns"": [""NOMER""], ""distinct"": 12000, ""null_rows"": 0}]","{""KVARTAL_outside_1_4"": 0, ""KVARTAL_path_mismatch"": 0, ""GOD_path_mismatch"": 0}"
d004/2023/1kv/kv_vopr1.csv,d004,2023,267827,10,True,True,True,900,0,"[{""columns"": [""NOMER""], ""distinct"": 11915, ""null_rows"": 0}, {""columns"": [""NOMER"", ""KODNU""], ""distinct"": 226698, ""null_rows"": 0}]","{""KVARTAL_outside_1_4"": 0, ""KVARTAL_path_mismatch"": 0, ""GOD_path_mismatch"": 0}"
d004/2023/1kv/kv_vopr10.csv,d004,2023,7556,11,True,True,True,0,0,"[{""columns"": [""NOMER""], ""distinct"": 4743, ""null_rows"": 0}, {""columns"": [""NOMER"", ""KODNU""], ""distinct"": 7153, ""null_rows"": 0}]","{""KVARTAL_outside_1_4"": 0, ""KVARTAL_path_mismatch"": 0, ""GOD_path_mismatch"": 0}"
d004/2023/1kv/kv_vopr11.csv,d004,2023,24831,33,True,True,True,0,0,"[{""columns"": [""NOMER""], ""distinct"": 11926, ""null_rows"": 0}, {""columns"": [""NOMER"", ""NOMP""], ""distinct"": 24831, ""null_rows"": 0}]","{""KVARTAL_outside_1_4"": 0, ""KVARTAL_path_mismatch"": 0, ""GOD_path_mismatch"": 0}"
d004/2023/1kv/kv_vopr12.csv,d004,2023,6063,9,True,True,True,42,0,"[{""columns"": [""NOMER""], ""distinct"": 3703, ""null_rows"": 0}, {""columns"": [""NOMER"", ""KODNU""], ""distinct"": 5104, ""null_rows"": 1606}]","{""KVARTAL_outside_1_4"": 0, ""KVARTAL_path_mismatch"": 0, ""GOD_path_mismatch"": 0}"
d004/2023/1kv/kv_vopr2.csv,d004,2023,64324,9,True,True,True,77,0,"[{""columns"": [""NOMER""], ""distinct"": 11961, ""null_rows"": 0}, {""columns"": [""NOMER"", ""KODNU""], ""distinct"": 61062, ""null_rows"": 0}]","{""KVARTAL_outside_1_4"": 0, ""KVARTAL_path_mismatch"": 0, ""GOD_path_mismatch"": 0}"
d004/2023/1kv/kv_vopr3.csv,d004,2023,27403,8,True,True,True,69,0,"[{""columns"": [""NOMER""], ""distinct"": 11950, ""null_rows"": 0}, {""columns"": [""NOMER"", ""KODNU""], ""distinct"": 25344, ""null_rows"": 0}]","{""KVARTAL_outside_1_4"": 0, ""KVARTAL_path_mismatch"": 0, ""GOD_path_mismatch"": 0}"
d004/2023/1kv/kv_vopr4.csv,d004,2023,3018,8,True,True,True,6,0,"[{""columns"": [""NOMER""], ""distinct"": 2460, ""null_rows"": 0}, {""columns"": [""NOMER"", ""KODNU""], ""distinct"": 2916, ""null_rows"": 0}]","{""KVARTAL_outside_1_4"": 0, ""KVARTAL_path_mismatch"": 0, ""GOD_path_mismatch"": 0}"
d004/2023/1kv/kv_vopr5.csv,d004,2023,4398,8,True,True,True,16,0,"[{""columns"": [""NOMER""], ""distinct"": 3346, ""null_rows"": 0}, {""columns"": [""NOMER"", ""KODNU""], ""distinct"": 4228, ""null_rows"": 0}]","{""KVARTAL_outside_1_4"": 0, ""KVARTAL_path_mismatch"": 0, ""GOD_path_mismatch"": 0}"
d004/2023/1kv/kv_vopr6.csv,d004,2023,42121,10,True,True,True,199,0,"[{""columns"": [""NOMER""], ""distinct"": 11503, ""null_rows"": 0}, {""columns"": [""NOMER"", ""KODNU""], ""distinct"": 37601, ""null_rows"": 0}]","{""KVARTAL_outside_1_4"": 0, ""KVARTAL_path_mismatch"": 0, ""GOD_path_mismatch"": 0}"
d004/2023/1kv/kv_vopr7.csv,d004,2023,15573,8,True,True,True,36,0,"[{""columns"": [""NOMER""], ""distinct"": 9485, ""null_rows"": 0}, {""columns"": [""NOMER"", ""KODNU""], ""distinct"": 14747, ""null_rows"": 0}]","{""KVARTAL_outside_1_4"": 0, ""KVARTAL_path_mismatch"": 0, ""GOD_path_mismatch"": 0}"
d004/2023/1kv/kv_vopr9.csv,d004,2023,50314,19,True,True,True,1039,0,"[{""columns"": [""NOMER""], ""distinct"": 11963, ""null_rows"": 0}, {""columns"": [""NOMER"", ""KODNU""], ""distinct"": 17743, ""null_rows"": 44040}]","{""KVARTAL_outside_1_4"": 0, ""KVARTAL_path_mismatch"": 0, ""GOD_path_mismatch"": 0}"
d004/2023/2kv/kv_vopr0.csv,d004,2023,12000,6,True,True,True,0,0,"[{""columns"": [""NOMER""], ""distinct"": 12000, ""null_rows"": 0}]","{""KVARTAL_outside_1_4"": 0, ""KVARTAL_path_mismatch"": 0, ""GOD_path_mismatch"": 0}"
d004/2023/2kv/kv_vopr1.csv,d004,2023,267699,10,True,True,True,914,0,"[{""columns"": [""NOMER""], ""distinct"": 11882, ""null_rows"": 0}, {""columns"": [""NOMER"", ""KODNU""], ""distinct"": 226527, ""null_rows"": 0}]","{""KVARTAL_outside_1_4"": 0, ""KVARTAL_path_mismatch"": 0, ""GOD_path_mismatch"": 0}"
d004/2023/2kv/kv_vopr10.csv,d004,2023,9407,11,True,True,True,3,0,"[{""columns"": [""NOMER""], ""distinct"": 5118, ""null_rows"": 0}, {""columns"": [""NOMER"", ""KODNU""], ""distinct"": 8777, ""null_rows"": 0}]","{""KVARTAL_outside_1_4"": 0, ""KVARTAL_path_mismatch"": 0, ""GOD_path_mismatch"": 0}"
d004/2023/2kv/kv_vopr11.csv,d004,2023,25011,33,True,True,True,0,0,"[{""columns"": [""NOMER""], ""distinct"": 11841, ""null_rows"": 0}, {""columns"": [""NOMER"", ""NOMP""], ""distinct"": 25011, ""null_rows"": 0}]","{""KVARTAL_outside_1_4"": 0, ""KVARTAL_path_mismatch"": 0, ""GOD_path_mismatch"": 0}"
d004/2023/2kv/kv_vopr12.csv,d004,2023,5962,9,True,True,True,26,0,"[{""columns"": [""NOMER""], ""distinct"": 3660, ""null_rows"": 0}, {""columns"": [""NOMER"", ""KODNU""], ""distinct"": 5074, ""null_rows"": 1556}]","{""KVARTAL_outside_1_4"": 0, ""KVARTAL_path_mismatch"": 0, ""GOD_path_mismatch"": 0}"
d004/2023/2kv/kv_vopr2.csv,d004,2023,62744,9,True,True,True,88,0,"[{""columns"": [""NOMER""], ""distinct"": 11884, ""null_rows"": 0}, {""columns"": [""NOMER"", ""KODNU""], ""distinct"": 59415, ""null_rows"": 0}]","{""KVARTAL_outside_1_4"": 0, ""KVARTAL_path_mismatch"": 0, ""GOD_path_mismatch"": 0}"
d004/2023/2kv/kv_vopr3.csv,d004,2023,26927,8,True,True,True,84,0,"[{""columns"": [""NOMER""], ""distinct"": 11878, ""null_rows"": 0}, {""columns"": [""NOMER"", ""KODNU""], ""distinct"": 24814, ""null_rows"": 0}]","{""KVARTAL_outside_1_4"": 0, ""KVARTAL_path_mismatch"": 0, ""GOD_path_mismatch"": 0}"
d004/2023/2kv/kv_vopr4.csv,d004,2023,2611,8,True,True,True,4,0,"[{""columns"": [""NOMER""], ""distinct"": 2190, ""null_rows"": 0}, {""columns"": [""NOMER"", ""KODNU""], ""distinct"": 2536, ""null_rows"": 0}]","{""KVARTAL_outside_1_4"": 0, ""KVARTAL_path_mismatch"": 0, ""GOD_path_mismatch"": 0}"
d004/2023/2kv/kv_vopr5.csv,d004,2023,4554,8,True,True,True,15,0,"[{""columns"": [""NOMER""], ""distinct"": 3384, ""null_rows"": 0}, {""columns"": [""NOMER"", ""KODNU""], ""distinct"": 4380, ""null_rows"": 0}]","{""KVARTAL_outside_1_4"": 0, ""KVARTAL_path_mismatch"": 0, ""GOD_path_mismatch"": 0}"
d004/2023/2kv/kv_vopr6.csv,d004,2023,42588,10,True,True,True,233,0,"[{""columns"": [""NOMER""], ""distinct"": 11521, ""null_rows"": 0}, {""columns"": [""NOMER"", ""KODNU""], ""distinct"": 37767, ""null_rows"": 0}]","{""KVARTAL_outside_1_4"": 0, ""KVARTAL_path_mismatch"": 0, ""GOD_path_mismatch"": 0}"
d004/2023/2kv/kv_vopr7.csv,d004,2023,15848,8,True,True,True,49,0,"[{""columns"": [""NOMER""], ""distinct"": 9644, ""null_rows"": 0}, {""columns"": [""NOMER"", ""KODNU""], ""distinct"": 14910, ""null_rows"": 0}]","{""KVARTAL_outside_1_4"": 0, ""KVARTAL_path_mismatch"": 0, ""GOD_path_mismatch"": 0}"
d004/2023/2kv/kv_vopr9.csv,d004,2023,56560,19,True,True,True,1732,0,"[{""columns"": [""NOMER""], ""distinct"": 11880, ""null_rows"": 0}, {""columns"": [""NOMER"", ""KODNU""], ""distinct"": 23364, ""null_rows"": 43605}]","{""KVARTAL_outside_1_4"": 0, ""KVARTAL_path_mismatch"": 0, ""GOD_path_mismatch"": 0}"
d004/2023/3kv/kv_vopr0.csv,d004,2023,12000,6,True,True,True,0,0,"[{""columns"": [""NOMER""], ""distinct"": 12000, ""null_rows"": 0}]","{""KVARTAL_outside_1_4"": 0, ""KVARTAL_path_mismatch"": 0, ""GOD_path_mismatch"": 0}"
d004/2023/3kv/kv_vopr1.csv,d004,2023,298072,10,True,True,True,1044,0,"[{""columns"": [""NOMER""], ""distinct"": 11764, ""null_rows"": 0}, {""columns"": [""NOMER"", ""KODNU""], ""distinct"": 252578, ""null_rows"": 0}]","{""KVARTAL_outside_1_4"": 0, ""KVARTAL_path_mismatch"": 0, ""GOD_path_mismatch"": 0}"
d004/2023/3kv/kv_vopr10.csv,d004,2023,16094,11,True,True,True,0,0,"[{""columns"": [""NOMER""], ""distinct"": 6275, ""null_rows"": 0}, {""columns"": [""NOMER"", ""KODNU""], ""distinct"": 14408, ""null_rows"": 0}]","{""KVARTAL_outside_1_4"": 0, ""KVARTAL_path_mismatch"": 0, ""GOD_path_mismatch"": 0}"
d004/2023/3kv/kv_vopr11.csv,d004,2023,24835,33,True,True,True,0,0,"[{""columns"": [""NOMER""], ""distinct"": 11709, ""null_rows"": 0}, {""columns"": [""NOMER"", ""NOMP""], ""distinct"": 24835, ""null_rows"": 0}]","{""KVARTAL_outside_1_4"": 0, ""KVARTAL_path_mismatch"": 0, ""GOD_path_mismatch"": 0}"
d004/2023/3kv/kv_vopr12.csv,d004,2023,5893,9,True,True,True,28,0,"[{""columns"": [""NOMER""], ""distinct"": 3726, ""null_rows"": 0}, {""columns"": [""NOMER"", ""KODNU""], ""distinct"": 5051, ""null_rows"": 1393}]","{""KVARTAL_outside_1_4"": 0, ""KVARTAL_path_mismatch"": 0, ""GOD_path_mismatch"": 0}"
d004/2023/3kv/kv_vopr2.csv,d004,2023,58679,9,True,True,True,65,0,"[{""columns"": [""NOMER""], ""distinct"": 11769, ""null_rows"": 0}, {""columns"": [""NOMER"", ""KODNU""], ""distinct"": 55236, ""null_rows"": 0}]","{""KVARTAL_outside_1_4"": 0, ""KVARTAL_path_mismatch"": 0, ""GOD_path_mismatch"": 0}"
d004/2023/3kv/kv_vopr3.csv,d004,2023,26506,8,True,True,True,80,0,"[{""columns"": [""NOMER""], ""distinct"": 11755, ""null_rows"": 0}, {""columns"": [""NOMER"", ""KODNU""], ""distinct"": 24418, ""null_rows"": 0}]","{""KVARTAL_outside_1_4"": 0, ""KVARTAL_path_mismatch"": 0, ""GOD_path_mismatch"": 0}"
d004/2023/3kv/kv_vopr4.csv,d004,2023,2540,8,True,True,True,13,0,"[{""columns"": [""NOMER""], ""distinct"": 2150, ""null_rows"": 0}, {""columns"": [""NOMER"", ""KODNU""], ""distinct"": 2450, ""null_rows"": 0}]","{""KVARTAL_outside_1_4"": 0, ""KVARTAL_path_mismatch"": 0, ""GOD_path_mismatch"": 0}"
d004/2023/3kv/kv_vopr5.csv,d004,2023,4792,8,True,True,True,13,0,"[{""columns"": [""NOMER""], ""distinct"": 3674, ""null_rows"": 0}, {""columns"": [""NOMER"", ""KODNU""], ""distinct"": 4614, ""null_rows"": 0}]","{""KVARTAL_outside_1_4"": 0, ""KVARTAL_path_mismatch"": 0, ""GOD_path_mismatch"": 0}"
d004/2023/3kv/kv_vopr6.csv,d004,2023,48622,10,True,True,True,270,0,"[{""columns"": [""NOMER""], ""distinct"": 11594, ""null_rows"": 0}, {""columns"": [""NOMER"", ""KODNU""], ""distinct"": 42941, ""null_rows"": 0}]","{""KVARTAL_outside_1_4"": 0, ""KVARTAL_path_mismatch"": 0, ""GOD_path_mismatch"": 0}"
d004/2023/3kv/kv_vopr7.csv,d004,2023,16583,8,True,True,True,25,0,"[{""columns"": [""NOMER""], ""distinct"": 9725, ""null_rows"": 0}, {""columns"": [""NOMER"", ""KODNU""], ""distinct"": 15579, ""null_rows"": 0}]","{""KVARTAL_outside_1_4"": 0, ""KVARTAL_path_mismatch"": 0, ""GOD_path_mismatch"": 0}"
d004/2023/3kv/kv_vopr9.csv,d004,2023,66075,19,True,True,True,1579,0,"[{""columns"": [""NOMER""], ""distinct"": 11766, ""null_rows"": 0}, {""columns"": [""NOMER"", ""KODNU""], ""distinct"": 31269, ""null_rows"": 43683}]","{""KVARTAL_outside_1_4"": 0, ""KVARTAL_path_mismatch"": 0, ""GOD_path_mismatch"": 0}"
d004/2023/4kv/kv_vopr0.csv,d004,2023,12000,6,True,True,True,0,0,"[{""columns"": [""NOMER""], ""distinct"": 12000, ""null_rows"": 0}]","{""KVARTAL_outside_1_4"": 0, ""KVARTAL_path_mismatch"": 0, ""GOD_path_mismatch"": 0}"
d004/2023/4kv/kv_vopr1.csv,d004,2023,265988,9,True,True,True,909,0,"[{""columns"": [""NOMER""], ""distinct"": 11693, ""null_rows"": 0}, {""columns"": [""NOMER"", ""KODNU""], ""distinct"": 225563, ""null_rows"": 0}]","{""KVARTAL_outside_1_4"": 0, ""KVARTAL_path_mismatch"": 0, ""GOD_path_mismatch"": 0}"
d004/2023/4kv/kv_vopr10.csv,d004,2023,9078,12,True,True,True,0,0,"[{""columns"": [""NOMER""], ""distinct"": 5007, ""null_rows"": 0}, {""columns"": [""NOMER"", ""KODNU""], ""distinct"": 8432, ""null_rows"": 0}]","{""KVARTAL_outside_1_4"": 0, ""KVARTAL_path_mismatch"": 0, ""GOD_path_mismatch"": 0}"
d004/2023/4kv/kv_vopr11.csv,d004,2023,24752,33,True,True,True,0,0,"[{""columns"": [""NOMER""], ""distinct"": 11633, ""null_rows"": 0}, {""columns"": [""NOMER"", ""NOMP""], ""distinct"": 24752, ""null_rows"": 0}]","{""KVARTAL_outside_1_4"": 0, ""KVARTAL_path_mismatch"": 0, ""GOD_path_mismatch"": 0}"
d004/2023/4kv/kv_vopr12.csv,d004,2023,5657,12,True,True,True,21,0,"[{""columns"": [""NOMER""], ""distinct"": 3506, ""null_rows"": 0}, {""columns"": [""NOMER"", ""KODNU""], ""distinct"": 4809, ""null_rows"": 1431}]","{""KVARTAL_outside_1_4"": 0, ""KVARTAL_path_mismatch"": 0, ""GOD_path_mismatch"": 0}"
d004/2023/4kv/kv_vopr2.csv,d004,2023,63803,9,True,True,True,118,0,"[{""columns"": [""NOMER""], ""distinct"": 11691, ""null_rows"": 0}, {""columns"": [""NOMER"", ""KODNU""], ""distinct"": 60206, ""null_rows"": 0}]","{""KVARTAL_outside_1_4"": 0, ""KVARTAL_path_mismatch"": 0, ""GOD_path_mismatch"": 0}"
d004/2023/4kv/kv_vopr3.csv,d004,2023,26110,8,True,True,True,86,0,"[{""columns"": [""NOMER""], ""distinct"": 11692, ""null_rows"": 0}, {""columns"": [""NOMER"", ""KODNU""], ""distinct"": 24032, ""null_rows"": 0}]","{""KVARTAL_outside_1_4"": 0, ""KVARTAL_path_mismatch"": 0, ""GOD_path_mismatch"": 0}"
d004/2023/4kv/kv_vopr4.csv,d004,2023,2585,8,True,True,True,7,0,"[{""columns"": [""NOMER""], ""distinct"": 2165, ""null_rows"": 0}, {""columns"": [""NOMER"", ""KODNU""], ""distinct"": 2514, ""null_rows"": 0}]","{""KVARTAL_outside_1_4"": 0, ""KVARTAL_path_mismatch"": 0, ""GOD_path_mismatch"": 0}"
d004/2023/4kv/kv_vopr5.csv,d004,2023,4325,8,True,True,True,7,0,"[{""columns"": [""NOMER""], ""distinct"": 3299, ""null_rows"": 0}, {""columns"": [""NOMER"", ""KODNU""], ""distinct"": 4190, ""null_rows"": 0}]","{""KVARTAL_outside_1_4"": 0, ""KVARTAL_path_mismatch"": 0, ""GOD_path_mismatch"": 0}"
d004/2023/4kv/kv_vopr6.csv,d004,2023,42837,9,True,True,True,368,0,"[{""columns"": [""NOMER""], ""distinct"": 11393, ""null_rows"": 0}, {""columns"": [""NOMER"", ""KODNU""], ""distinct"": 37878, ""null_rows"": 0}]","{""KVARTAL_outside_1_4"": 0, ""KVARTAL_path_mismatch"": 0, ""GOD_path_mismatch"": 0}"
d004/2023/4kv/kv_vopr7.csv,d004,2023,16154,8,True,True,True,53,0,"[{""columns"": [""NOMER""], ""distinct"": 9642, ""null_rows"": 0}, {""columns"": [""NOMER"", ""KODNU""], ""distinct"": 15242, ""null_rows"": 0}]","{""KVARTAL_outside_1_4"": 0, ""KVARTAL_path_mismatch"": 0, ""GOD_path_mismatch"": 0}"
d004/2023/4kv/kv_vopr9.csv,d004,2023,51249,20,True,True,True,672,0,"[{""columns"": [""NOMER""], ""distinct"": 11687, ""null_rows"": 0}, {""columns"": [""NOMER"", ""KODNU""], ""distinct"": 19148, ""null_rows"": 43081}]","{""KVARTAL_outside_1_4"": 0, ""KVARTAL_path_mismatch"": 0, ""GOD_path_mismatch"": 0}"
d004/2024/1kv/kv_vopr0.csv,d004,2024,12000,6,True,True,True,0,0,"[{""columns"": [""NOMER""], ""distinct"": 12000, ""null_rows"": 0}]","{""KVARTAL_outside_1_4"": 0, ""KVARTAL_path_mismatch"": 0, ""GOD_path_mismatch"": 0}"
d004/2024/1kv/kv_vopr1.csv,d004,2024,269130,10,True,True,True,853,0,"[{""columns"": [""NOMER""], ""distinct"": 11958, ""null_rows"": 0}, {""columns"": [""NOMER"", ""KODNU""], ""distinct"": 229138, ""null_rows"": 0}]","{""KVARTAL_outside_1_4"": 0, ""KVARTAL_path_mismatch"": 0, ""GOD_path_mismatch"": 0}"
d004/2024/1kv/kv_vopr10.csv,d004,2024,8107,12,True,True,True,0,0,"[{""columns"": [""NOMER""], ""distinct"": 5003, ""null_rows"": 0}, {""columns"": [""NOMER"", ""KODNU""], ""distinct"": 7652, ""null_rows"": 0}]","{""KVARTAL_outside_1_4"": 0, ""KVARTAL_path_mismatch"": 0, ""GOD_path_mismatch"": 0}"
d004/2024/1kv/kv_vopr11.csv,d004,2024,24535,33,True,True,True,0,0,"[{""columns"": [""NOMER""], ""distinct"": 11913, ""null_rows"": 0}, {""columns"": [""NOMER"", ""NOMP""], ""distinct"": 24535, ""null_rows"": 0}]","{""KVARTAL_outside_1_4"": 0, ""KVARTAL_path_mismatch"": 0, ""GOD_path_mismatch"": 0}"
d004/2024/1kv/kv_vopr12.csv,d004,2024,6882,12,True,True,True,40,0,"[{""columns"": [""NOMER""], ""distinct"": 4235, ""null_rows"": 0}, {""columns"": [""NOMER"", ""KODNU""], ""distinct"": 5853, ""null_rows"": 1706}]","{""KVARTAL_outside_1_4"": 0, ""KVARTAL_path_mismatch"": 0, ""GOD_path_mismatch"": 0}"
d004/2024/1kv/kv_vopr2.csv,d004,2024,65466,9,True,True,True,68,0,"[{""columns"": [""NOMER""], ""distinct"": 11958, ""null_rows"": 0}, {""columns"": [""NOMER"", ""KODNU""], ""distinct"": 61996, ""null_rows"": 0}]","{""KVARTAL_outside_1_4"": 0, ""KVARTAL_path_mismatch"": 0, ""GOD_path_mismatch"": 0}"
d004/2024/1kv/kv_vopr3.csv,d004,2024,26191,8,True,True,True,87,0,"[{""columns"": [""NOMER""], ""distinct"": 11957, ""null_rows"": 0}, {""columns"": [""NOMER"", ""KODNU""], ""distinct"": 24135, ""null_rows"": 0}]","{""KVARTAL_outside_1_4"": 0, ""KVARTAL_path_mismatch"": 0, ""GOD_path_mismatch"": 0}"
d004/2024/1kv/kv_vopr4.csv,d004,2024,2843,8,True,True,True,2,0,"[{""columns"": [""NOMER""], ""distinct"": 2381, ""null_rows"": 0}, {""columns"": [""NOMER"", ""KODNU""], ""distinct"": 2756, ""null_rows"": 0}]","{""KVARTAL_outside_1_4"": 0, ""KVARTAL_path_mismatch"": 0, ""GOD_path_mismatch"": 0}"
d004/2024/1kv/kv_vopr5.csv,d004,2024,4511,8,True,True,True,9,0,"[{""columns"": [""NOMER""], ""distinct"": 3394, ""null_rows"": 0}, {""columns"": [""NOMER"", ""KODNU""], ""distinct"": 4373, ""null_rows"": 0}]","{""KVARTAL_outside_1_4"": 0, ""KVARTAL_path_mismatch"": 0, ""GOD_path_mismatch"": 0}"
d004/2024/1kv/kv_vopr6.csv,d004,2024,44054,10,True,True,True,282,0,"[{""columns"": [""NOMER""], ""distinct"": 11645, ""null_rows"": 0}, {""columns"": [""NOMER"", ""KODNU""], ""distinct"": 39058, ""null_rows"": 0}]","{""KVARTAL_outside_1_4"": 0, ""KVARTAL_path_mismatch"": 0, ""GOD_path_mismatch"": 0}"
d004/2024/1kv/kv_vopr7.csv,d004,2024,16355,8,True,True,True,24,0,"[{""columns"": [""NOMER""], ""distinct"": 9949, ""null_rows"": 0}, {""columns"": [""NOMER"", ""KODNU""], ""distinct"": 15485, ""null_rows"": 0}]","{""KVARTAL_outside_1_4"": 0, ""KVARTAL_path_mismatch"": 0, ""GOD_path_mismatch"": 0}"
d004/2024/1kv/kv_vopr9.csv,d004,2024,50165,20,True,True,True,562,0,"[{""columns"": [""NOMER""], ""distinct"": 11956, ""null_rows"": 0}, {""columns"": [""NOMER"", ""KODNU""], ""distinct"": 17513, ""null_rows"": 44099}]","{""KVARTAL_outside_1_4"": 0, ""KVARTAL_path_mismatch"": 0, ""GOD_path_mismatch"": 0}"
d004/2024/2kv/kv_vopr0.csv,d004,2024,12000,6,True,True,True,0,0,"[{""columns"": [""NOMER""], ""distinct"": 12000, ""null_rows"": 0}]","{""KVARTAL_outside_1_4"": 0, ""KVARTAL_path_mismatch"": 0, ""GOD_path_mismatch"": 0}"
d004/2024/2kv/kv_vopr1.csv,d004,2024,267326,10,True,True,True,831,0,"[{""columns"": [""NOMER""], ""distinct"": 11842, ""null_rows"": 0}, {""columns"": [""NOMER"", ""KODNU""], ""distinct"": 227025, ""null_rows"": 0}]","{""KVARTAL_outside_1_4"": 0, ""KVARTAL_path_mismatch"": 0, ""GOD_path_mismatch"": 0}"
d004/2024/2kv/kv_vopr10.csv,d004,2024,9634,12,True,True,True,4,0,"[{""columns"": [""NOMER""], ""distinct"": 5113, ""null_rows"": 0}, {""columns"": [""NOMER"", ""KODNU""], ""distinct"": 8992, ""null_rows"": 0}]","{""KVARTAL_outside_1_4"": 0, ""KVARTAL_path_mismatch"": 0, ""GOD_path_mismatch"": 0}"
d004/2024/2kv/kv_vopr11.csv,d004,2024,24513,33,True,True,True,0,0,"[{""columns"": [""NOMER""], ""distinct"": 11798, ""null_rows"": 0}, {""columns"": [""NOMER"", ""NOMP""], ""distinct"": 24513, ""null_rows"": 0}]","{""KVARTAL_outside_1_4"": 0, ""KVARTAL_path_mismatch"": 0, ""GOD_path_mismatch"": 0}"
d004/2024/2kv/kv_vopr12.csv,d004,2024,6330,12,True,True,True,22,0,"[{""columns"": [""NOMER""], ""distinct"": 3900, ""null_rows"": 0}, {""columns"": [""NOMER"", ""KODNU""], ""distinct"": 5468, ""null_rows"": 1534}]","{""KVARTAL_outside_1_4"": 0, ""KVARTAL_path_mismatch"": 0, ""GOD_path_mismatch"": 0}"
d004/2024/2kv/kv_vopr2.csv,d004,2024,62559,9,True,True,True,102,0,"[{""columns"": [""NOMER""], ""distinct"": 11845, ""null_rows"": 0}, {""columns"": [""NOMER"", ""KODNU""], ""distinct"": 59182, ""null_rows"": 0}]","{""KVARTAL_outside_1_4"": 0, ""KVARTAL_path_mismatch"": 0, ""GOD_path_mismatch"": 0}"
d004/2024/2kv/kv_vopr3.csv,d004,2024,25476,8,True,True,True,93,0,"[{""columns"": [""NOMER""], ""distinct"": 11845, ""null_rows"": 0}, {""columns"": [""NOMER"", ""KODNU""], ""distinct"": 23415, ""null_rows"": 0}]","{""KVARTAL_outside_1_4"": 0, ""KVARTAL_path_mismatch"": 0, ""GOD_path_mismatch"": 0}"
d004/2024/2kv/kv_vopr4.csv,d004,2024,2490,8,True,True,True,5,0,"[{""columns"": [""NOMER""], ""distinct"": 2139, ""null_rows"": 0}, {""columns"": [""NOMER"", ""KODNU""], ""distinct"": 2422, ""null_rows"": 0}]","{""KVARTAL_outside_1_4"": 0, ""KVARTAL_path_mismatch"": 0, ""GOD_path_mismatch"": 0}"
d004/2024/2kv/kv_vopr5.csv,d004,2024,4673,8,True,True,True,11,0,"[{""columns"": [""NOMER""], ""distinct"": 3473, ""null_rows"": 0}, {""columns"": [""NOMER"", ""KODNU""], ""distinct"": 4488, ""null_rows"": 0}]","{""KVARTAL_outside_1_4"": 0, ""KVARTAL_path_mismatch"": 0, ""GOD_path_mismatch"": 0}"
d004/2024/2kv/kv_vopr6.csv,d004,2024,44266,10,True,True,True,267,0,"[{""columns"": [""NOMER""], ""distinct"": 11619, ""null_rows"": 0}, {""columns"": [""NOMER"", ""KODNU""], ""distinct"": 39284, ""null_rows"": 0}]","{""KVARTAL_outside_1_4"": 0, ""KVARTAL_path_mismatch"": 0, ""GOD_path_mismatch"": 0}"
d004/2024/2kv/kv_vopr7.csv,d004,2024,16645,8,True,True,True,42,0,"[{""columns"": [""NOMER""], ""distinct"": 9939, ""null_rows"": 0}, {""columns"": [""NOMER"", ""KODNU""], ""distinct"": 15725, ""null_rows"": 0}]","{""KVARTAL_outside_1_4"": 0, ""KVARTAL_path_mismatch"": 0, ""GOD_path_mismatch"": 0}"
d004/2024/2kv/kv_vopr9.csv,d004,2024,56682,20,True,True,True,1699,0,"[{""columns"": [""NOMER""], ""distinct"": 11832, ""null_rows"": 0}, {""columns"": [""NOMER"", ""KODNU""], ""distinct"": 22906, ""null_rows"": 44291}]","{""KVARTAL_outside_1_4"": 0, ""KVARTAL_path_mismatch"": 0, ""GOD_path_mismatch"": 0}"
d004/2024/3kv/kv_vopr0.csv,d004,2024,12000,6,True,True,True,0,0,"[{""columns"": [""NOMER""], ""distinct"": 12000, ""null_rows"": 0}]","{""KVARTAL_outside_1_4"": 0, ""KVARTAL_path_mismatch"": 0, ""GOD_path_mismatch"": 0}"
d004/2024/3kv/kv_vopr1.csv,d004,2024,294179,10,True,True,True,923,0,"[{""columns"": [""NOMER""], ""distinct"": 11736, ""null_rows"": 0}, {""columns"": [""NOMER"", ""KODNU""], ""distinct"": 250419, ""null_rows"": 0}]","{""KVARTAL_outside_1_4"": 0, ""KVARTAL_path_mismatch"": 0, ""GOD_path_mismatch"": 0}"
d004/2024/3kv/kv_vopr10.csv,d004,2024,14444,12,True,True,True,0,0,"[{""columns"": [""NOMER""], ""distinct"": 6040, ""null_rows"": 0}, {""columns"": [""NOMER"", ""KODNU""], ""distinct"": 13207, ""null_rows"": 0}]","{""KVARTAL_outside_1_4"": 0, ""KVARTAL_path_mismatch"": 0, ""GOD_path_mismatch"": 0}"
d004/2024/3kv/kv_vopr11.csv,d004,2024,24387,33,True,True,True,0,0,"[{""columns"": [""NOMER""], ""distinct"": 11678, ""null_rows"": 0}, {""columns"": [""NOMER"", ""NOMP""], ""distinct"": 24387, ""null_rows"": 0}]","{""KVARTAL_outside_1_4"": 0, ""KVARTAL_path_mismatch"": 0, ""GOD_path_mismatch"": 0}"
d004/2024/3kv/kv_vopr12.csv,d004,2024,6131,12,True,True,True,28,0,"[{""columns"": [""NOMER""], ""distinct"": 3819, ""null_rows"": 0}, {""columns"": [""NOMER"", ""KODNU""], ""distinct"": 5228, ""null_rows"": 1567}]","{""KVARTAL_outside_1_4"": 0, ""KVARTAL_path_mismatch"": 0, ""GOD_path_mismatch"": 0}"
d004/2024/3kv/kv_vopr2.csv,d004,2024,58974,9,True,True,True,95,0,"[{""columns"": [""NOMER""], ""distinct"": 11740, ""null_rows"": 0}, {""columns"": [""NOMER"", ""KODNU""], ""distinct"": 55252, ""null_rows"": 0}]","{""KVARTAL_outside_1_4"": 0, ""KVARTAL_path_mismatch"": 0, ""GOD_path_mismatch"": 0}"
d004/2024/3kv/kv_vopr3.csv,d004,2024,25350,8,True,True,True,97,0,"[{""columns"": [""NOMER""], ""distinct"": 11727, ""null_rows"": 0}, {""columns"": [""NOMER"", ""KODNU""], ""distinct"": 23117, ""null_rows"": 0}]","{""KVARTAL_outside_1_4"": 0, ""KVARTAL_path_mismatch"": 0, ""GOD_path_mismatch"": 0}"
d004/2024/3kv/kv_vopr4.csv,d004,2024,2261,8,True,True,True,6,0,"[{""columns"": [""NOMER""], ""distinct"": 1959, ""null_rows"": 0}, {""columns"": [""NOMER"", ""KODNU""], ""distinct"": 2174, ""null_rows"": 0}]","{""KVARTAL_outside_1_4"": 0, ""KVARTAL_path_mismatch"": 0, ""GOD_path_mismatch"": 0}"
d004/2024/3kv/kv_vopr5.csv,d004,2024,4295,8,True,True,True,4,0,"[{""columns"": [""NOMER""], ""distinct"": 3223, ""null_rows"": 0}, {""columns"": [""NOMER"", ""KODNU""], ""distinct"": 4150, ""null_rows"": 0}]","{""KVARTAL_outside_1_4"": 0, ""KVARTAL_path_mismatch"": 0, ""GOD_path_mismatch"": 0}"
d004/2024/3kv/kv_vopr6.csv,d004,2024,46988,10,True,True,True,283,0,"[{""columns"": [""NOMER""], ""distinct"": 11547, ""null_rows"": 0}, {""columns"": [""NOMER"", ""KODNU""], ""distinct"": 41669, ""null_rows"": 0}]","{""KVARTAL_outside_1_4"": 0, ""KVARTAL_path_mismatch"": 0, ""GOD_path_mismatch"": 0}"
d004/2024/3kv/kv_vopr7.csv,d004,2024,16576,8,True,True,True,45,0,"[{""columns"": [""NOMER""], ""distinct"": 9859, ""null_rows"": 0}, {""columns"": [""NOMER"", ""KODNU""], ""distinct"": 15654, ""null_rows"": 0}]","{""KVARTAL_outside_1_4"": 0, ""KVARTAL_path_mismatch"": 0, ""GOD_path_mismatch"": 0}"
d004/2024/3kv/kv_vopr9.csv,d004,2024,64524,20,True,True,True,1506,0,"[{""columns"": [""NOMER""], ""distinct"": 11721, ""null_rows"": 0}, {""columns"": [""NOMER"", ""KODNU""], ""distinct"": 29489, ""null_rows"": 44269}]","{""KVARTAL_outside_1_4"": 0, ""KVARTAL_path_mismatch"": 0, ""GOD_path_mismatch"": 0}"
d004/2024/4kv/kv_vopr0.csv,d004,2024,12000,6,True,True,True,0,0,"[{""columns"": [""NOMER""], ""distinct"": 12000, ""null_rows"": 0}]","{""KVARTAL_outside_1_4"": 0, ""KVARTAL_path_mismatch"": 0, ""GOD_path_mismatch"": 0}"
d004/2024/4kv/kv_vopr1.csv,d004,2024,264416,10,True,True,True,820,0,"[{""columns"": [""NOMER""], ""distinct"": 11702, ""null_rows"": 0}, {""columns"": [""NOMER"", ""KODNU""], ""distinct"": 225368, ""null_rows"": 0}]","{""KVARTAL_outside_1_4"": 0, ""KVARTAL_path_mismatch"": 0, ""GOD_path_mismatch"": 0}"
d004/2024/4kv/kv_vopr10.csv,d004,2024,8303,12,True,True,True,0,0,"[{""columns"": [""NOMER""], ""distinct"": 4826, ""null_rows"": 0}, {""columns"": [""NOMER"", ""KODNU""], ""distinct"": 7699, ""null_rows"": 0}]","{""KVARTAL_outside_1_4"": 0, ""KVARTAL_path_mismatch"": 0, ""GOD_path_mismatch"": 0}"
d004/2024/4kv/kv_vopr11.csv,d004,2024,24427,33,True,True,True,0,0,"[{""columns"": [""NOMER""], ""distinct"": 11641, ""null_rows"": 0}, {""columns"": [""NOMER"", ""NOMP""], ""distinct"": 24427, ""null_rows"": 0}]","{""KVARTAL_outside_1_4"": 0, ""KVARTAL_path_mismatch"": 0, ""GOD_path_mismatch"": 0}"
d004/2024/4kv/kv_vopr12.csv,d004,2024,5611,12,True,True,True,25,0,"[{""columns"": [""NOMER""], ""distinct"": 3559, ""null_rows"": 0}, {""columns"": [""NOMER"", ""KODNU""], ""distinct"": 4888, ""null_rows"": 1291}]","{""KVARTAL_outside_1_4"": 0, ""KVARTAL_path_mismatch"": 0, ""GOD_path_mismatch"": 0}"
d004/2024/4kv/kv_vopr2.csv,d004,2024,64421,9,True,True,True,99,0,"[{""columns"": [""NOMER""], ""distinct"": 11704, ""null_rows"": 0}, {""columns"": [""NOMER"", ""KODNU""], ""distinct"": 60211, ""null_rows"": 0}]","{""KVARTAL_outside_1_4"": 0, ""KVARTAL_path_mismatch"": 0, ""GOD_path_mismatch"": 0}"
d004/2024/4kv/kv_vopr3.csv,d004,2024,24647,8,True,True,True,90,0,"[{""columns"": [""NOMER""], ""distinct"": 11691, ""null_rows"": 0}, {""columns"": [""NOMER"", ""KODNU""], ""distinct"": 22668, ""null_rows"": 0}]","{""KVARTAL_outside_1_4"": 0, ""KVARTAL_path_mismatch"": 0, ""GOD_path_mismatch"": 0}"
d004/2024/4kv/kv_vopr4.csv,d004,2024,2586,8,True,True,True,5,0,"[{""columns"": [""NOMER""], ""distinct"": 2163, ""null_rows"": 0}, {""columns"": [""NOMER"", ""KODNU""], ""distinct"": 2503, ""null_rows"": 0}]","{""KVARTAL_outside_1_4"": 0, ""KVARTAL_path_mismatch"": 0, ""GOD_path_mismatch"": 0}"
d004/2024/4kv/kv_vopr5.csv,d004,2024,4163,8,True,True,True,13,0,"[{""columns"": [""NOMER""], ""distinct"": 3173, ""null_rows"": 0}, {""columns"": [""NOMER"", ""KODNU""], ""distinct"": 4029, ""null_rows"": 0}]","{""KVARTAL_outside_1_4"": 0, ""KVARTAL_path_mismatch"": 0, ""GOD_path_mismatch"": 0}"
d004/2024/4kv/kv_vopr6.csv,d004,2024,43394,10,True,True,True,251,0,"[{""columns"": [""NOMER""], ""distinct"": 11432, ""null_rows"": 0}, {""columns"": [""NOMER"", ""KODNU""], ""distinct"": 38442, ""null_rows"": 0}]","{""KVARTAL_outside_1_4"": 0, ""KVARTAL_path_mismatch"": 0, ""GOD_path_mismatch"": 0}"
d004/2024/4kv/kv_vopr7.csv,d004,2024,16132,8,True,True,True,37,0,"[{""columns"": [""NOMER""], ""distinct"": 9867, ""null_rows"": 0}, {""columns"": [""NOMER"", ""KODNU""], ""distinct"": 15306, ""null_rows"": 0}]","{""KVARTAL_outside_1_4"": 0, ""KVARTAL_path_mismatch"": 0, ""GOD_path_mismatch"": 0}"
d004/2024/4kv/kv_vopr9.csv,d004,2024,49340,20,True,True,True,547,0,"[{""columns"": [""NOMER""], ""distinct"": 11688, ""null_rows"": 0}, {""columns"": [""NOMER"", ""KODNU""], ""distinct"": 17772, ""null_rows"": 42735}]","{""KVARTAL_outside_1_4"": 0, ""KVARTAL_path_mismatch"": 0, ""GOD_path_mismatch"": 0}"
d006/2021/rio.csv,d006,2021,11636,247,True,True,True,0,0,"[{""columns"": [""NOMER""], ""distinct"": 11636, ""null_rows"": 0}]",{}
d006/2022/rio2022.csv,d006,2022,11744,247,True,True,True,0,0,"[{""columns"": [""NOMER""], ""distinct"": 11744, ""null_rows"": 0}]",{}
d006/2023/rio2023.csv,d006,2023,11659,247,True,True,True,0,0,"[{""columns"": [""NOMER""], ""distinct"": 11659, ""null_rows"": 0}]",{}
d006/2024/rio_2024.csv,d006,2024,11704,247,True,True,True,0,0,"[{""columns"": [""NOMER""], ""distinct"": 11704, ""null_rows"": 0}]",{}
d008/2021/kontr_k.csv,d008,2021,41868,29,True,True,True,0,0,"[{""columns"": [""NOMER""], ""distinct"": 12000, ""null_rows"": 0}, {""columns"": [""NOMER"", ""NOMP""], ""distinct"": 41868, ""null_rows"": 0}]","{""GOD_path_mismatch"": 0}"
d008/2022/kontr_k.csv,d008,2022,42681,31,True,True,True,0,0,"[{""columns"": [""NOMER""], ""distinct"": 12000, ""null_rows"": 0}, {""columns"": [""NOMER"", ""NOMP""], ""distinct"": 42681, ""null_rows"": 0}]","{""GOD_ROJD_future_year"": 0, ""GOD_ROJD_before_year_minus_120"": 0, ""MES_ROJD_outside_1_12"": 0, ""GOD_path_mismatch"": 0}"
d008/2023/kontr_k.csv,d008,2023,42689,31,True,True,True,0,0,"[{""columns"": [""NOMER""], ""distinct"": 12000, ""null_rows"": 0}, {""columns"": [""NOMER"", ""NOMP""], ""distinct"": 42689, ""null_rows"": 0}]","{""GOD_ROJD_future_year"": 0, ""GOD_ROJD_before_year_minus_120"": 0, ""MES_ROJD_outside_1_12"": 0, ""GOD_path_mismatch"": 0}"
d008/2024/kontr_k.csv,d008,2024,41821,35,True,True,True,0,0,"[{""columns"": [""NOMER""], ""distinct"": 12000, ""null_rows"": 0}, {""columns"": [""NOMER"", ""NOMP""], ""distinct"": 41821, ""null_rows"": 0}]","{""GOD_ROJD_future_year"": 0, ""GOD_ROJD_before_year_minus_120"": 0, ""MES_ROJD_outside_1_12"": 0, ""GOD_path_mismatch"": 0}"
t001/2021/2021.csv,t001,2021,472456,39,True,True,True,5993,0,"[{""columns"": [""RSPD""], ""distinct"": 11, ""null_rows"": 0}, {""columns"": [""TE"", ""K"", ""RSPD""], ""distinct"": 255, ""null_rows"": 0}]","{""DH_DATROZH_2_outside_1_12"": 0, ""DH_DATROZH_3_future_year"": 0, ""DH_DATROZH_3_before_year_minus_120"": 0}"
t001/2022/baza.csv,t001,2022,467667,40,True,True,True,645,0,"[{""columns"": [""RSPD""], ""distinct"": 9, ""null_rows"": 0}, {""columns"": [""TE"", ""K"", ""RSPD"", ""kv"", ""mes""], ""distinct"": 3859, ""null_rows"": 0}]","{""DH_DATROZH_2_outside_1_12"": 0, ""DH_DATROZH_3_future_year"": 0, ""DH_DATROZH_3_before_year_minus_120"": 0, ""kv_outside_1_4"": 0, ""mes_outside_1_12"": 0}"
t001/2023/baza.csv,t001,2023,475635,40,True,True,True,684,0,"[{""columns"": [""RSPD""], ""distinct"": 9, ""null_rows"": 0}, {""columns"": [""TE"", ""K"", ""RSPD"", ""kv"", ""mes""], ""distinct"": 3357, ""null_rows"": 0}]","{""DH_DATROZH_2_outside_1_12"": 0, ""DH_DATROZH_3_future_year"": 0, ""DH_DATROZH_3_before_year_minus_120"": 0, ""kv_outside_1_4"": 0, ""mes_outside_1_12"": 0}"
t001/2024/baza.csv,t001,2024,469352,40,True,True,True,652,0,"[{""columns"": [""RSPD""], ""distinct"": 9, ""null_rows"": 0}, {""columns"": [""TE"", ""K"", ""RSPD"", ""kv"", ""mes""], ""distinct"": 3876, ""null_rows"": 710}]","{""DH_DATROZH_2_outside_1_12"": 0, ""DH_DATROZH_3_future_year"": 0, ""DH_DATROZH_3_before_year_minus_120"": 0, ""kv_outside_1_4"": 0, ""mes_outside_1_12"": 0}"
